MacAddress,Name,Lastname,ID,Sex,Age
FD:56:10:CE:42:B2,Wallie,Crisall,7340269,F,57
54:86:5F:60:0D:2F,Emmeline,Troyes,12192364,F,35
40:99:C2:21:F4:63,Edward,Hannigan,13065287,M,33
21:4B:6B:34:76:C5,Ricardo,Allanby,8863719,M,58
10:6D:2D:2F:B1:34,Alejandrina,Saice,14502344,F,40
AD:AB:46:8E:4D:BD,Marylee,Culver,15528505,F,23
34:F0:3D:5A:9E:19,Lay,Cattow,10652847,M,45
FF:ED:08:96:F1:C6,Galven,Ager,12268982,M,39
32:1B:53:DC:43:34,Shantee,Titherington,12037465,F,35
11:70:2A:0C:36:1D,Ciro,Cowdry,8666721,M,58
7B:15:E2:CD:6E:FE,Silas,Larret,11403823,M,41
FE:7A:97:85:BC:D3,Justis,Boliver,17856126,M,21
D8:00:07:F9:5C:F4,Conant,Massard,12731230,M,39
E7:53:B7:51:D0:C1,Brana,Seatter,8976924,F,53
D6:BF:E7:72:53:98,Clarence,Wasiela,7675388,M,55
CF:34:1F:66:BB:B4,Matthieu,Dohmann,19021061,M,23
35:F2:2B:2C:F5:5F,Theda,Hellsdon,20968473,F,26
97:3B:5C:42:79:C0,Drucie,Arnli,14069817,F,36
C7:AF:5A:99:56:C0,Brig,Clem,7493182,M,57
7F:ED:2E:B9:00:07,Konrad,Yirrell,9369301,M,45
D1:12:68:AB:8F:BC,Cyrille,Rubens,13327731,M,40
F3:6A:D3:B5:23:F2,Florida,Gozney,22441854,F,29
58:1B:2A:DB:53:D6,Bendicty,Gasson,9485427,M,46
AE:B2:CF:49:E6:7A,Dukey,Peasnone,15096772,M,24
B0:9E:12:F0:8A:DA,Waylan,Capehorn,11432706,M,42
18:CD:9C:88:80:89,Sutton,Kencott,16352419,M,27
BC:7A:6F:39:4A:D7,Allison,Gynne,26963582,F,19
E6:57:D1:9B:7F:A2,Delinda,Duggon,10708525,F,50
E7:30:85:F8:D8:0E,Orlando,Heeran,6222207,M,63
44:54:C6:BC:61:19,Haily,Cawtheray,33595416,M,10
7A:C0:F0:C7:A2:F3,Bert,Lovick,13719020,M,33
3E:E8:DA:3B:6A:28,Hamlin,Towe,10142425,M,43
8C:A1:DB:3A:68:78,Marylee,Culver,13888651,F,37
52:FD:36:B3:DF:47,Marj,Thing,17342028,F,24
20:EF:1B:61:C6:78,Carlee,Mineghelli,3397155,F,61
D2:52:B1:DB:E6:CE,Reube,Tomasik,24206914,M,28
1A:DE:19:B8:67:82,Harmonie,Saull,7921752,F,53
DD:35:F7:34:28:19,Alejandrina,Saice,9290825,F,42
58:E3:D2:A7:25:19,Vonny,Atthow,9443708,F,43
ED:F7:16:14:C4:37,Jim,Andrat,11719984,M,48
CE:A8:8C:D8:A0:69,Vanda,Gearty,21792952,F,28
59:03:40:6A:F2:1A,Dru,Donnersberg,11391399,F,44
7B:02:7A:62:F3:83,Foster,Rowesby,16923951,M,27
7D:19:37:CC:16:65,Daffy,Cicculini,18337213,F,29
85:22:C5:54:20:E5,Avril,Cretney,24200388,F,27
49:F7:8D:A9:DE:EE,Philippa,Pothecary,12122687,F,36
F5:1B:43:76:32:CD,Vonny,Atthow,9782961,F,44
64:2A:AA:33:46:83,Foster,Rowesby,27308488,M,20
61:F5:58:AB:FB:D9,Georgy,Glew,17739905,M,26
F1:66:4C:C6:45:DD,Albina,Devanny,10723092,F,44
7F:8B:AC:C8:96:4E,Stoddard,Beynke,19578396,F,28
40:CC:13:B1:9E:0F,Karita,Pavluk,11747756,F,41
BD:69:94:76:CC:F9,Ashla,Rudland,23821984,F,21
59:75:10:AF:96:87,Town,Mottershaw,28215249,M,20
D5:28:25:00:6B:27,Reube,Tomasik,17314602,M,30
86:7D:86:C4:CB:DE,Tami,Bilbee,8574176,F,59
1E:42:C8:E4:95:8C,Seka,Penner,10131846,F,48
34:46:0A:16:16:40,Nathanael,Heaney,21428051,M,25
42:B1:75:1F:64:61,Artur,Chetwin,12518389,M,37
25:CE:8F:46:CA:3F,Reid,Mottley,16263711,M,22
04:67:CE:A6:D0:A1,Jania,Maasz,14876597,F,33
30:E5:61:81:AD:6C,Novelia,Brandrick,8810221,F,55
6C:69:B0:56:A4:00,Rosanna,Morphew,9385176,F,45
C1:8B:B0:08:11:7C,Ysabel,McBeith,12146926,F,40
CB:59:9B:D3:DF:8A,Edan,Trusslove,11370165,M,42
46:DA:0B:8B:F8:20,Albina,Devanny,25932363,F,23
E0:F8:C3:9C:5C:10,Temple,Esselin,13360660,M,39
DA:84:57:78:12:45,Christalle,Scarisbrick,23207475,F,25
22:2F:DA:E3:C8:66,Denise,Siggery,23693533,F,25
BB:B2:FF:E7:AD:A8,Jenine,Secretan,29391826,F,18
AD:51:42:B8:8C:F7,Basil,Wiseman,9419593,M,47
DC:12:CE:8E:AF:91,Eleonore,Burgoine,12378461,F,33
2B:CF:06:C0:88:01,Alicea,Colloff,13610214,F,31
86:D1:B8:D6:A7:2E,Bendicty,Gasson,11074443,M,43
1D:A4:3B:DF:5F:AC,Jeramie,McLeod,12381088,M,36
4B:9E:F8:91:40:F3,Barry,Ianitti,12371117,F,31
E7:D4:0B:23:56:CD,Leone,Whittaker,19496968,F,25
40:2D:90:30:94:5E,Ginnifer,Avis,24245764,F,29
68:74:67:76:B2:9F,Harli,Yea,13875492,F,40
F8:48:A5:F7:01:05,Arvy,Hartzenberg,14208648,M,37
6F:D0:88:D9:C2:57,Deana,Merill,28673140,F,18
31:6D:E9:81:EB:69,Jakie,Brunsden,21317492,M,28
06:A8:C7:DE:C6:E3,Keeley,Cunniam,7105881,F,55
58:73:84:0B:26:07,Gaston,McCambrois,9361757,M,41
15:9E:81:6A:FD:B4,Daniela,Boulding,14084284,F,35
89:15:CF:80:F8:38,Ferrel,O'Heaney,20267702,M,26
7A:8C:73:44:FD:52,Barbara,Hammond,14569779,F,31
F7:F4:91:23:D6:F3,Tony,Mantripp,8698142,F,58
A5:05:DB:83:5B:27,Jerrine,Tuhy,28792578,F,20
3C:B2:6E:B7:96:06,Gregory,Willeman,11860317,M,41
1A:05:43:50:92:A7,Renault,Benet,14869421,M,36
B2:EB:FE:49:0E:20,Northrup,GiacobbiniJacob,8024222,M,57
7E:29:14:19:A3:97,Theda,Hellsdon,12978306,F,36
78:83:27:3F:6B:41,Moselle,Bosquet,19317121,F,24
43:64:1C:72:19:AD,Davina,Eakle,13181540,F,33
58:E1:9A:FB:94:B4,Herta,Braganca,9518186,F,45
17:D7:3A:27:25:CC,Ev,Reany,5887222,M,63
C4:8C:F7:A9:BB:53,Thelma,Mark,24504984,F,22
0B:6D:2F:EA:48:3F,Constantia,Smurfit,4136964,F,68
A3:24:96:6E:C3:00,Sebastian,Dalton,17699067,M,28
03:CB:87:5E:81:F4,Travus,Proudlock,10471953,M,45
15:C2:68:F6:34:49,Arlin,Pagram,9570020,M,46
76:73:4D:13:6F:AB,Maudie,Cockayme,9724626,F,46
2F:A1:C7:21:96:D5,Milicent,Scane,8851748,F,56
C2:AC:4A:B2:12:0C,Carlee,Mineghelli,9706188,F,42
E4:6B:6C:E3:93:80,Augustine,Abbyss,20197352,M,23
95:93:35:5E:7E:D3,Johny,Laurens,27635103,M,17
54:27:4C:D8:AD:7A,Lulu,Youens,35592193,F,10
6B:47:EB:EF:53:7F,Correy,Matelaitis,13539051,M,40
DF:7F:AF:A6:C9:D9,Jeri,Snalom,9079592,F,42
F9:14:07:54:75:84,Alanson,Russi,28344669,M,16
B2:D4:ED:88:F9:05,Jaymee,Rubinsztein,34946433,F,10
CF:9C:10:A9:15:9B,Xylia,Dibdale,12006844,F,38
B4:A2:65:4D:18:E7,Vere,Hamon,5134235,F,70
67:86:CA:1B:A8:B5,Daffy,Cicculini,27984521,F,18
2A:75:66:46:C3:1E,Lotte,Leipold,7346308,F,52
B4:0E:C0:5A:3C:E1,Ciro,Cowdry,8077410,M,52
75:49:3C:09:CE:A7,Saunder,Crewes,10393530,M,48
D1:49:23:5E:26:8D,Courtney,Stayt,9804796,F,47
80:49:E7:B7:1A:CB,Port,Jobling,5259067,M,63
82:15:22:E5:A8:FD,Rafaelita,Lindenbluth,13823050,F,38
1A:E7:5D:B5:D9:21,Alejandro,Concannon,9229405,M,49
ED:5D:A0:2D:30:D6,Pierrette,Bleibaum,7741503,F,53
FD:3A:BB:B1:CE:03,Free,Momford,10181533,M,42
A1:B8:2F:1B:E5:F0,Alexina,Fieldsend,11471071,F,41
CD:31:50:45:D9:62,Bil,Hawick,29614740,M,20
BC:F6:0F:DE:67:36,Perrine,Menco,8612186,F,58
E9:7A:F5:9B:DD:70,Rhiamon,Bachelar,9461596,F,49
BD:D6:0E:15:07:62,Giordano,Kinnar,16445331,M,29
9E:B7:A8:61:DF:27,Udall,Hallor,20549317,M,21
31:A1:26:54:1D:8B,Lenora,Fullick,13710338,F,37
1D:FA:7A:41:E9:0C,Cello,Kornalik,12635273,M,34
8A:37:2C:89:2C:C2,Tommi,Duferie,16835082,F,29
73:4B:31:E6:BC:EE,Aurea,Couvet,4715837,F,64
61:60:6A:97:A2:5A,Vilhelmina,Sprowle,7974086,F,54
C4:D9:0B:DB:E4:08,Yvor,Alltimes,8248074,M,57
D2:8B:C1:F2:1E:30,Sarene,Clericoates,9994083,F,46
64:4B:5B:B9:23:86,Daffy,Cicculini,3928352,F,65
02:3B:02:76:CD:5B,Myrtie,Burder,23844212,F,25
A2:05:56:62:5E:A2,Jakob,Mathivet,32029764,M,15
90:AD:42:14:E5:6A,Rycca,Bamb,19467047,F,30
00:01:06:31:AA:AA,Margareta,Miners,5419694,F,61
AF:83:5F:6E:7C:E7,Gwen,Davison,3774570,F,64
2F:3D:11:6C:DB:B2,Miguel,Furst,27357883,M,18
FF:CB:4D:89:E3:37,Jaimie,Paulley,12189967,F,38
E0:76:EF:00:0C:2F,Jordana,Nesterov,7570223,F,54
31:B8:8D:97:D9:00,Ashla,Rudland,12800227,F,32
6A:42:41:56:66:0E,Myrtice,Mynett,11411360,F,44
92:B7:93:5E:C8:40,Red,Chipman,9550864,M,50
70:50:3C:5E:EA:7F,Ursulina,Yushin,20709573,F,30
B3:3E:AE:27:20:4D,Hannah,Hurley,12941551,F,38
73:48:2A:C6:DC:70,Ferdy,Orable,7844052,M,56
92:E0:A3:3B:82:9D,Cletus,Chavey,6191159,M,61
6E:D8:A7:69:76:D5,Ruthann,Gleadhall,8734879,F,58
70:EF:FA:16:6B:08,Thaine,De Lascy,14814255,M,39
41:E8:55:9F:89:76,Tanhya,Kaubisch,13201131,F,34
91:44:56:1A:B4:E3,Augustus,Aubury,11986710,M,41
10:EB:87:2A:69:7E,Gabriel,Rickeard,17732441,F,27
67:D7:56:82:72:68,Angeli,Tilbrook,10329345,M,48
E7:F0:59:10:82:5B,Ursulina,Yushin,10877536,F,42
1A:0B:DC:1F:F6:86,Noby,Scrooby,14875424,M,35
D5:CF:4A:EF:73:88,Beatrix,Dislee,20650670,F,26
0F:41:B7:78:70:29,Corny,Windrus,29102602,F,20
B0:BF:07:ED:1F:86,Caesar,Jansen,7967802,M,55
E9:9F:78:EE:65:ED,Winn,Ruggs,26970527,M,19
0F:C5:71:A1:85:B2,Lacie,Simond,17559223,F,29
4C:D6:87:1A:00:B6,Ulrika,Murty,18646855,F,27
6F:F0:AC:ED:5E:E4,Ulrikaumeko,Bottrill,30877074,F,11
7E:3B:8D:FD:C1:7A,Drucie,Arnli,25707511,F,22
E1:DA:48:27:2F:73,Isaak,Haighton,5201387,M,61
EE:59:F7:5C:A6:56,Wallis,Abramcik,14853510,M,35
66:84:81:EA:BC:C6,Jessalin,Dubble,14114975,F,37
EB:60:7E:EA:E1:0F,Dido,Tolputt,11621915,F,47
08:6B:ED:58:69:1F,Trish,Heighton,8386173,F,53
B0:34:8D:D9:36:2F,Terrence,Bergstrand,11916956,M,41
0A:D4:A5:52:1E:BE,Dorree,Clerc,9819802,F,49
10:EF:90:C4:AE:4C,Lotte,Leipold,18103135,F,25
D0:5A:69:D2:0F:66,Silas,Larret,13314285,M,36
82:B9:BB:CB:34:72,Meridel,O'Hanley,19670638,F,22
9C:FE:5A:88:E3:73,Emmeline,Troyes,13798344,F,33
BB:97:D2:7B:8A:2F,Ajay,Lias,12721277,F,31
36:64:5C:2B:58:25,Elsworth,Moubray,13760537,M,38
38:4F:D7:E4:3A:57,Alric,Bearfoot,14475317,M,34
66:6B:57:72:02:E3,Shantee,Rudsdale,17160893,F,29
6C:7A:E0:96:DB:02,Corrine,Clemmitt,28361526,F,18
0F:33:73:AB:C8:A3,Franklyn,Narraway,13130635,M,31
CB:09:5B:3B:A5:14,Bibi,Spurdle,16858628,F,27
A5:72:CA:84:07:D1,Matthias,McMillan,12254572,M,35
77:5E:89:90:02:94,Mord,Gobert,13081576,M,39
A7:86:99:06:C3:C0,Dore,Neasham,11056415,F,42
9A:06:BD:DF:5B:99,Corny,Windrus,27164066,F,18
B2:A1:8A:85:7D:22,Irving,Castelletti,12494222,M,34
C3:90:F3:64:E4:CF,Freemon,Tiler,12733953,M,37
CA:4A:C8:CF:04:D0,Lulu,Youens,10477943,F,43
08:B1:BA:56:BD:73,Porty,Cosens,11386707,M,49
FC:A5:4C:6E:A9:3D,Nil,Lloyds,14696099,M,38
01:E2:92:C8:81:0A,Stan,Hambright,20283331,M,26
67:04:EA:F0:9E:2F,Eleonore,Burgoine,24754448,F,24
B3:66:CB:A0:13:40,Edan,Trusslove,12375736,M,39
52:32:6A:60:12:E3,Marj,Thing,12748192,F,37
50:F6:8B:7D:AD:92,Thaddeus,Boothebie,22782671,M,25
EA:4C:57:62:B8:4C,Janos,Twigge,17616620,M,27
21:57:7B:4E:FF:05,Onfre,Venditto,8999967,M,51
CD:6A:79:E5:AB:47,Johnnie,Aslin,14617012,M,38
7E:35:DC:CA:6B:B0,Jerrine,Tuhy,14571788,F,34
BE:9D:68:36:1B:D6,Tito,Van Giffen,28095937,M,17
7C:68:CE:42:05:5C,Corrianne,Flecknoe,12288523,F,39
37:C3:44:B3:E8:B6,Carol-jean,Redpath,11143466,F,48
28:D5:7C:CC:40:1C,Manny,Sexton,14732341,M,32
1A:EB:02:9B:3D:E8,Pauly,Swains,19839903,F,29
D2:81:52:0B:B6:80,Bailie,Kalinsky,7897812,M,53
A8:67:5F:7C:B7:AA,Corrine,Clemmitt,8228921,F,56
B6:D4:11:A2:90:E4,Temple,Esselin,11152130,M,45
88:47:CC:59:58:DE,Welch,Linny,18037557,M,27
29:63:F4:42:33:37,Dru,Donnersberg,19066827,F,26
32:03:DD:20:13:EA,Annora,Sanderson,7555668,F,55
DE:4B:19:90:58:87,Latisha,Richings,21192169,F,30
9A:C9:7F:4A:E8:D8,Sherri,Rash,11857082,F,46
82:95:5A:AA:2B:6F,Kerwin,Fielder,24987863,M,25
DC:BD:F9:6A:81:20,Viola,Dubose,4111951,F,70
3B:73:3F:90:39:86,Maribeth,Causbey,7751763,F,60
6E:18:5E:4A:1A:28,Ajay,Lias,28775226,F,20
3A:74:B1:43:18:2C,Karilynn,Mawson,16103526,F,26
4C:6E:9A:00:93:70,Jonas,Etherton,13478633,M,36
80:56:FF:85:8C:46,Kerwin,Fielder,3901993,M,66
4F:88:F6:F8:00:F7,Cyrille,Rubens,11772746,M,49
46:6C:01:3E:3C:10,Cassandre,Rowen,34922141,F,13
66:B8:12:CE:A7:79,Laurella,Escott,20618907,F,23
13:76:D5:97:1B:7F,Sheri,Aynold,15319845,F,23
CE:75:52:B9:15:61,Clint,Di Pietro,11773103,M,47
5B:06:A0:0A:96:FA,Trudey,Harnott,14753644,F,37
66:2D:C6:1A:87:BD,Michail,Dafter,23989807,M,30
65:CE:81:4D:51:EA,Stephen,Petrus,18728464,M,24
0C:2C:3C:6E:7F:D3,Correy,Matelaitis,10769934,M,48
B1:81:62:AB:36:A8,Pauly,Swains,30998540,F,12
81:14:4D:9E:B5:8E,Dom,Kevlin,15716367,M,24
25:3F:5D:6E:01:48,Albina,Devanny,7450076,F,51
E3:B7:78:EB:81:AA,Suzette,Setchfield,7062658,F,55
9B:7A:CB:14:34:DB,Alric,Bearfoot,24157982,M,22
91:19:31:8D:54:17,Madeleine,Gammage,14607921,F,34
94:6F:37:CE:29:FF,Temple,Esselin,22239043,M,30
66:A2:51:D6:71:C4,Ciro,Cowdry,18365888,M,26
17:25:2D:4A:12:0C,Flemming,MacGorman,16928823,M,26
A9:42:FE:89:25:20,Clio,Gatward,10592803,F,48
9F:17:B5:46:CE:F1,Melisande,Reddie,12850192,F,37
4A:3E:FA:32:12:87,Doti,Eayres,28364455,F,19
3B:F4:67:41:7F:5C,Garik,Baise,17799473,M,29
41:7A:49:53:01:95,Derward,Ierland,22824010,M,25
76:09:00:81:78:A7,Karleen,MacRirie,12166849,F,34
5C:DE:12:B8:2C:5D,Connor,Carlisi,18265852,M,23
FD:B0:0E:97:2F:B5,Chester,Bock,10013317,M,44
57:DE:F4:FD:9B:04,Carlo,Passe,29715457,M,19
DE:C9:6D:1A:89:59,Chanda,Ellice,23997338,F,25
67:C9:7D:F3:FC:8E,Guilbert,Pietraszek,8865725,M,52
A5:00:BF:F4:57:6D,Pauly,Swains,27619469,F,18
A9:A4:D7:38:5F:1C,Sayre,Leban,8532420,F,58
19:52:6A:D2:73:80,Thelma,Mark,14037516,F,40
69:F3:D8:19:2E:D9,Michaela,Douty,11506106,F,41
8F:94:34:69:35:EA,Aristotle,Pedroni,19745716,M,22
99:CD:EF:D4:83:58,Hank,Pes,13251991,M,31
93:41:95:61:41:83,Justine,Kittoe,26641033,F,17
16:90:75:55:4A:E2,Garik,Baise,13691352,M,39
ED:D8:76:46:1F:9B,Darb,Ofer,11636217,F,48
CE:B5:98:6C:C2:8D,Shawna,Colecrough,10384145,F,50
13:C9:DD:6E:57:C9,Minetta,Arkow,12534666,F,40
A9:78:4C:BF:A5:74,Rayshell,Bicksteth,9956901,F,45
E0:57:9B:3E:A5:10,Sarene,Clericoates,14066585,F,32
04:BE:DA:7F:2F:7F,Burr,Trimby,13936235,M,33
DA:50:CD:E9:E7:7F,Garwood,Americi,17378065,M,29
0F:6F:E1:C7:F9:F3,Lyssa,Nelsen,7015775,F,51
60:C6:B3:5D:A9:61,Correy,Matelaitis,11844441,M,46
8A:D7:CD:83:25:D4,Durand,Guarnier,7809993,M,51
00:49:E8:2F:42:12,Lacie,Simond,24066151,F,25
05:38:C7:E4:35:B0,Galven,Ager,16776918,M,29
10:43:7C:DF:31:6F,Dannie,Allen,32301372,M,11
46:94:52:20:3E:9B,Melinde,Goodger,11135074,F,42
6A:45:B8:57:4A:87,Boone,Pogosian,14326744,M,40
CF:BD:02:5E:24:DF,Cyrille,Rubens,20497847,M,25
23:73:A0:E1:C9:1F,Jeanie,Kemwall,14973472,F,36
71:F6:D5:F7:7C:80,Dukey,Peasnone,18843862,M,29
5D:8A:01:3C:AF:2A,Alfredo,Brill,9451863,M,44
4F:32:16:1B:F9:83,Allison,Gynne,23215396,F,25
85:5A:2E:D3:67:E7,Myrtie,Burder,11418692,F,50
8D:0C:8D:7E:DD:70,Nikaniki,Spat,19134954,F,27
05:09:62:A5:88:C7,Georgeta,Babidge,14317783,F,35
53:B9:00:46:D0:68,Myrwyn,Porrett,14905536,M,40
27:DF:0A:90:7F:F6,Valera,Rosita,12799812,F,35
1D:7E:90:AF:AD:16,Jehu,Startin,19498389,M,26
52:5C:33:8D:90:A9,Nonnah,Stansbie,24334132,F,26
0A:17:47:19:0D:84,Kinny,Grzegorek,10724807,M,49
BE:DF:2A:7B:6D:DC,Othella,Eykelhof,9525584,F,48
BC:F4:94:9C:C5:D6,Scarlet,Dismore,20644107,F,23
84:B1:73:0E:F0:3E,Elysha,MacGiany,27479367,F,20
8D:6E:17:94:70:9B,Evy,Collcott,18803367,F,23
96:EF:A6:FC:6F:5A,Bartolemo,Pontin,12344608,M,33
AD:9B:86:00:16:51,Durand,Guarnier,11872433,M,50
C3:20:03:5B:22:50,Ezekiel,Riseborough,27248711,M,18
66:E6:37:34:56:0E,Jaimie,Paulley,17554941,F,29
E1:1F:FF:2E:95:66,Clarence,Wasiela,19561453,M,26
C8:CA:FE:9F:E0:D8,Abbie,Heather,11097427,F,41
69:7A:48:3A:EA:99,Benedetta,Henriques,11716390,F,41
AA:B7:60:12:93:CF,Avrom,Feary,14993516,M,39
61:F2:0B:3D:02:2C,Denise,Siggery,29662150,F,19
FD:85:74:0C:0D:F5,Peyton,O'Hartagan,23619066,M,28
C8:25:86:49:4B:C8,Shaughn,Vickery,22182589,M,24
81:C8:55:95:FE:25,Janel,Jiggen,14763831,F,40
51:6A:74:42:49:ED,Antonietta,Bowdidge,13721715,F,38
8D:98:2F:D1:AB:53,Michele,Fardon,12384779,F,31
D1:63:12:65:F9:4B,Jefferey,Joder,28529244,M,20
2B:55:51:FF:86:2B,Niall,Coushe,12129741,M,33
E1:14:41:E4:CF:87,Gregoor,Dodwell,22195467,M,25
48:8F:C7:95:19:30,Kim,Schulken,9531139,F,48
B9:24:46:62:C8:EA,L;urette,Torrecilla,14301300,F,33
E9:5C:35:A5:F0:6F,Aldin,Lamberth,27880573,M,19
B5:09:4C:03:15:A3,Wat,Petrolli,25073633,M,27
97:73:99:F1:1D:46,Rivi,Wickwar,12591713,F,39
58:E1:57:03:AD:83,Kesley,Kitteridge,29942377,F,19
22:8E:10:2B:C1:65,Cinderella,Allcock,23497564,F,29
F2:57:86:FA:C0:C9,Birch,Symington,17091866,M,27
2D:92:F9:2D:82:4C,Albert,Laxtonne,7413831,M,52
3C:EC:78:CF:B1:21,Tedi,Hazle,33690745,F,12
CF:47:DF:09:23:D1,Hamlin,Towe,11434973,M,49
F0:90:E8:D5:5E:77,Meghann,Petrus,13284888,F,36
D6:1D:75:46:B7:B0,Randal,Kneesha,15372026,M,27
E1:CC:4B:01:67:B8,Sonnie,Rysdale,11899950,F,42
9E:9B:68:E2:C5:15,Aldwin,Kendred,25216483,M,23
E2:93:F2:5D:51:6B,Noel,Haldin,21058807,M,28
1B:2D:71:6F:5C:5B,Sonnie,Rysdale,12458462,F,38
42:74:40:9F:A7:C8,Gerhardine,Kreuzer,9622271,F,42
FE:E0:38:34:BD:4D,Rudd,Bockler,34927403,M,12
3B:FD:B9:DA:87:77,Aarika,Gotfrey,30874450,F,15
17:79:20:1D:9C:48,Karilynn,Mawson,20083621,F,26
67:CE:A4:44:85:C9,Lewie,Glanton,7954809,M,52
FC:07:23:51:C3:4C,Evania,Beadel,20118042,F,21
B5:16:2B:A8:1A:C3,Noby,Velez,19143948,M,25
CB:D5:1C:E3:80:B2,Tim,Lochet,11240484,M,41
44:CE:42:C4:F9:A9,Lenora,Fullick,8129012,F,60
8A:3A:2C:A7:48:BB,Donall,Hawtrey,14148486,M,34
A1:40:59:15:24:86,Benito,Croyden,4565702,M,63
85:CB:7F:A0:4E:8B,Teodor,Batcock,12108447,M,32
F6:96:2C:95:D4:1E,Shell,Cockland,18548815,M,23
B7:52:2E:12:A6:88,Brig,Clem,24983059,M,26
C6:BF:AD:63:4C:25,Jeremy,Bulluck,1644452,M,74
60:51:0B:C0:47:83,Paige,Gladding,12573848,F,39
41:A6:F9:44:14:77,Benito,Croyden,19861693,M,25
D5:39:80:01:F9:00,Tripp,Ganforth,9917951,M,49
45:FB:D6:9E:94:F5,Sheff,Odams,12783166,M,34
62:6E:4B:49:E9:DD,Terrence,Bergstrand,12769387,M,31
BB:D7:BB:99:60:B7,Gawen,De Bellis,11879812,M,47
4C:84:54:4B:98:28,Lilias,Skitterel,11940790,F,45
4B:6F:C2:94:55:E1,Halley,Sertin,19572462,F,27
82:A3:1B:01:12:A0,Edward,Hannigan,10110244,M,44
E6:31:36:5F:D4:D4,Walden,Kepling,12988971,M,37
A1:61:CC:45:25:79,Morlee,Newlin,9069299,M,46
B5:C3:42:82:31:A5,Madelina,Wyatt,24099886,F,26
44:29:11:B4:DE:0F,Michail,Dafter,8220767,M,55
A8:DE:6E:57:BD:B7,Beverly,Drought,29857455,F,18
6C:64:C3:FE:02:00,Christye,McOrkill,13990902,F,36
B1:EC:32:4B:89:F4,Rocky,Brokenshaw,10473147,M,47
84:3F:C9:4F:98:C5,Reyna,Rodda,9206317,F,48
A2:7F:CB:BE:72:85,Trixi,Itskovitz,13109541,F,35
D9:C1:D6:77:6A:49,Gifford,Vacher,25044459,M,30
4F:EC:C6:A5:DD:47,Tedmund,Greig,12349946,M,33
B7:A4:EC:04:55:AD,Finlay,Philps,35285754,M,15
7C:DB:E1:46:9D:26,Dag,Boutellier,12024304,M,40
1B:C7:05:07:CE:7F,Basil,Wiseman,13097357,M,34
B1:50:8E:E7:F1:53,Berty,Cartmel,11012553,F,45
D9:51:9E:02:00:EE,Jeramey,Berrisford,21224257,M,29
9F:97:C0:75:E9:90,Marquita,Derrett,27052792,F,20
FA:90:9E:20:DC:68,Ciro,Cowdry,1743907,M,76
FF:8C:24:F3:2C:F5,Tiebout,Von Brook,20788758,M,26
AF:CD:AF:F3:6E:03,Shelton,de Glanville,12621279,M,35
F9:C6:97:C1:5F:C8,Egan,Synnot,24069902,M,30
82:82:7C:C0:41:33,Stan,Hambright,21824180,M,29
85:97:64:83:79:E8,Banky,Roggeman,11367716,M,42
CD:87:3A:5D:8B:FC,Alejandro,Concannon,15800657,M,25
80:35:BB:F3:D9:86,Harp,Penddreth,7117534,M,60
FF:95:17:18:C4:E8,Wilhelm,Apfler,14292919,M,37
BA:BD:88:8A:A9:64,Ellie,Skipsey,10612964,F,47
DC:DE:1C:CF:DB:C3,Sharlene,Gershom,11181032,F,48
70:47:EC:F8:09:62,Mathe,Blakeney,15562469,M,29
8E:40:F7:9E:8E:6A,Nikaniki,Spat,8993089,F,54
18:0A:96:16:9B:C3,Emelda,Cestard,5074491,F,63
2A:02:D2:0B:BE:14,Keeley,Cunniam,13115834,F,35
83:19:F7:62:70:14,Eziechiele,O'Scollain,14685854,M,34
EC:B6:83:9D:AB:A9,Trudey,Harnott,20055535,F,21
D7:7C:D1:1D:22:C8,Beverlie,Leeson,10467263,F,42
A5:B4:51:57:BE:48,Corrie,Greir,14024796,F,36
0A:5C:BA:7A:3A:FD,Ransell,Orpen,16371779,M,24
F5:52:B3:D4:F7:B8,Belva,Lyford,13377770,F,32
C7:7B:10:41:DC:99,Morlee,Allabush,14829772,M,35
5E:9B:7D:1C:93:D6,Novelia,Brandrick,22083648,F,26
E0:23:55:76:12:9B,Chanda,Ducket,31493121,F,10
01:72:8A:B3:61:A6,Dare,Trowsdale,12460134,M,34
59:20:84:CF:B5:26,Frankie,Maharg,18944808,M,27
B9:C2:DA:18:ED:7F,Darb,Ofer,10517150,F,43
77:F9:7F:C4:4C:CD,Lindon,Sivior,13913879,M,35
F8:00:6E:83:93:51,Lock,Stickley,16092977,M,27
AE:B9:3D:C9:30:51,Manon,Grahame,30141440,F,15
D9:53:7E:99:BC:AD,Ileana,Lalley,15433042,F,25
C2:95:AC:22:1E:D5,Candy,Ceresa,13953956,F,40
10:7D:48:0A:C3:1A,Minnnie,Pinner,15615510,F,22
D1:34:B3:6D:AA:36,Persis,Raeburn,14849659,F,35
DF:A9:88:0D:1E:A0,Ansell,Capponer,9135543,M,43
9F:1C:F1:44:DF:BD,Tommi,Duferie,18908393,F,25
36:BD:C9:92:C1:01,Irma,Longmire,26953437,F,19
88:91:65:F1:F0:1C,Eolanda,Hulson,7385924,F,60
00:DC:32:36:61:21,Temple,Bromilow,13218325,M,36
62:0F:04:28:27:E8,Russell,Perillo,14579086,M,33
CE:59:95:10:95:42,Vilhelmina,Sprowle,12681885,F,39
C2:15:EF:CC:AD:30,Mord,Gobert,9649098,M,49
17:F4:C5:AE:05:D7,Benito,Croyden,8242197,M,53
69:88:40:81:62:0B,Ab,Pinor,14335634,M,31
C6:86:A3:4E:19:CA,Porty,Cosens,7719968,M,55
6F:4C:53:8D:94:54,Petrina,Karolewski,29504821,F,20
85:7F:C9:CB:F3:84,Binnie,Willicott,10809181,F,47
07:DF:04:60:F7:23,Latisha,Richings,12782676,F,32
7E:B5:33:38:00:C0,Melisande,Reddie,11967666,F,46
6F:D0:C5:BA:E1:F9,Noby,Scrooby,26696143,M,20
A3:0C:8F:46:4F:48,Vanya,Heindrich,12059715,M,37
F6:29:51:6E:EB:95,Celle,Fidge,14445135,F,31
E0:D0:5E:92:29:8F,Nan,Theobald,8551436,F,52
D7:A2:75:5A:11:BC,Giusto,Teodorski,10902020,M,50
D1:88:94:97:54:60,Shell,Cockland,12756321,M,38
3C:B6:7F:62:EF:65,Gianina,Toffoletto,25001793,F,27
06:56:9C:E7:12:58,Bliss,Mouland,11155873,F,44
3C:18:06:F7:C0:CB,Vergil,Duiguid,8949204,M,58
ED:52:7D:B1:72:0B,Montague,Chatenier,15966782,M,26
66:6B:9B:A8:20:F4,Madeleine,Gammage,10621698,F,42
8A:FC:93:3C:F0:D8,Alena,Veale,8517232,F,55
F3:2A:C2:64:8C:FB,Aristotle,Pedroni,29395600,M,19
22:57:35:6E:DF:91,Harp,Penddreth,33255566,M,9
12:9B:5A:93:96:57,Aurea,Couvet,18641394,F,29
71:84:9C:71:29:9F,Sydelle,Fowles,23694996,F,25
2C:B8:38:0C:C8:0F,Carey,Chimienti,29613877,F,16
BB:E2:4E:B6:8F:E5,Shelley,MacKeller,9518793,M,43
2A:86:D9:E3:9A:D0,Hedy,Steeples,11482370,F,46
96:C4:90:AE:C3:AF,Christalle,Scarisbrick,25568196,F,25
C2:D8:A1:92:C0:72,Colette,Whitsey,21412912,F,27
E0:DD:26:32:52:24,Kendrick,Donovin,26693408,M,19
A3:65:13:0B:A6:15,Isador,Adamik,14759438,M,36
4B:4A:E5:93:F3:B8,Cynde,Challicombe,11320700,F,48
8D:56:61:A5:FF:CE,Ag,Janout,7803145,F,51
6B:1B:94:BF:8C:94,Giovanni,Jeske,13350477,M,37
1F:5A:F3:4B:00:B0,Sinclare,Jedrych,9692746,M,45
24:28:E4:BD:A6:4E,Garik,Baise,7957137,M,59
48:7C:6D:9F:46:DD,Hamlin,Towe,14268726,M,32
C4:4F:51:09:01:49,Zorina,Toffel,14769193,F,35
7C:05:D9:01:AD:8D,Maudie,Cockayme,25067071,F,23
A1:2C:63:95:88:45,Inge,Mullane,7752713,F,53
08:51:46:3F:B5:6C,Bancroft,Villaron,7607167,M,52
FB:71:7F:50:A9:8B,Alexina,Fieldsend,12988111,F,31
86:E5:29:3D:1E:05,Lilllie,Wimpey,21398023,F,26
9D:4C:A3:51:A3:32,Lock,Stickley,12593060,M,37
1F:5D:D7:51:19:F8,Halley,Sertin,10933331,F,41
33:79:A4:B4:A0:A1,Filippa,Diggins,7397608,F,51
A5:23:C3:71:91:31,Alejandrina,Saice,14640200,F,33
F2:6B:17:98:26:46,Avril,Cretney,12429340,F,38
7F:D3:67:B0:70:DF,Dido,Tolputt,29170605,F,19
C0:96:21:FC:8F:09,Con,D'Alesio,23187006,F,29
C1:EB:80:39:A9:80,Arman,Haddock,10984957,M,42
C7:BD:28:5F:EC:5E,Noby,Scrooby,7245217,M,57
06:C5:E5:53:3C:2D,Herbert,Pepys,10706711,M,44
CB:F9:66:F1:E9:56,Tommi,Duferie,11241529,F,45
1E:86:39:F3:3F:1B,Corrine,Clemmitt,11986621,F,41
41:A2:44:47:C4:5F,Persis,Raeburn,11377503,F,45
41:94:10:D9:C0:8C,Wendel,Balint,9432579,M,42
2F:C5:3D:D4:F0:59,Aleece,Basili,7358745,F,52
A2:99:F5:84:DB:12,Latisha,Richings,12233430,F,31
3C:2C:CB:E2:C5:D2,Alard,Giblin,12824616,M,40
DA:6E:A7:69:19:8C,Erhard,Vasiljevic,16340315,M,29
C0:36:70:45:42:CE,Vanda,Gearty,12264753,F,37
98:4F:6C:04:ED:19,Sella,Camel,10809678,F,46
2E:59:C4:EC:FF:22,Chiquita,Stronge,10294225,F,45
5F:C9:2C:69:6C:20,Ivar,Eaton,20162373,M,24
5C:58:46:C9:DD:DF,Odo,Pikesley,9119703,M,46
E1:77:CD:7C:52:99,Filippa,Diggins,13098785,F,37
24:4E:1E:27:F5:D9,Paulita,Cammacke,13548300,F,39
1C:89:6D:B4:C0:C4,Heddie,Cossington,13088289,F,36
61:01:66:BF:4A:DE,Otis,Snoddy,14850633,M,38
15:EC:D4:88:CD:EB,Aldwin,Kendred,13928818,M,34
4C:78:5D:94:FB:18,Renado,McBryde,11242954,M,43
E9:E4:B7:DE:8B:89,Jerrine,Tuhy,14071521,F,38
94:76:73:85:E3:62,Celle,Fidge,8012856,F,57
FD:9F:41:77:67:9E,Amandie,McCathay,13674292,F,31
D1:2F:1C:1F:70:6D,Barbara,Hammond,7641950,F,60
97:55:85:4F:48:AC,Wendel,Balint,19453775,M,29
48:F3:CD:48:99:35,Haily,Champ,13433387,M,33
E0:38:F9:19:DF:D6,Bret,Knevet,12629941,M,37
8C:5F:F7:14:28:C1,Danit,Balbeck,12134627,F,32
F9:F2:D4:FB:65:FD,Killie,Brophy,26740093,M,20
69:B3:76:C7:FD:26,Joleen,Barnsley,8741247,F,59
31:F1:4A:58:E6:84,Bank,Avramovich,31223289,M,10
8A:C2:E0:90:E9:A9,Lissy,Collum,10783912,F,41
66:7F:7F:DF:60:28,Nerissa,Gedge,3511068,F,70
7D:07:AE:F4:AD:74,Myra,Stoeck,20393158,F,21
C7:13:48:4B:69:77,Hobie,Rudland,9106040,M,50
C3:DD:AA:F8:FF:FF,Johnnie,Aslin,13407762,M,33
87:21:21:F5:DC:BB,Papageno,Geffen,17544779,M,28
CA:29:1C:07:A4:00,Anthea,Filppetti,11878563,F,43
3B:19:DD:F6:7A:CF,Aldon,Cowlin,12312167,M,40
7D:79:76:5A:D3:C4,Peyton,O'Hartagan,13248637,M,36
02:CF:C3:80:D8:F6,Loren,Cowup,24272298,F,29
6D:22:9B:C6:ED:8B,Doloritas,Bazoge,14245422,F,33
B2:DE:88:6B:9C:43,Bliss,Mouland,34426727,F,9
DF:09:07:44:16:11,Eziechiele,O'Scollain,10110057,M,46
42:47:57:A5:FF:A3,Buiron,Greest,24628809,M,27
8E:2D:C3:F7:57:B3,Elissa,O' Neligan,8370727,F,59
5A:5E:46:B1:2A:27,Jena,Minchindon,13048442,F,34
95:E4:FA:A3:A4:42,Lilli,Kingcott,12316258,F,39
99:51:BA:E0:81:8E,Wash,Clarabut,16821205,M,23
23:0F:A0:48:CC:F9,Viola,Dubose,13043290,F,34
6F:1E:23:79:83:8B,Onfre,Venditto,15084412,M,28
47:48:B5:DE:C0:A5,Franzen,Laughlin,18610198,M,27
FB:64:B2:B1:23:F4,Danyelle,Delf,29254723,F,18
8B:08:74:36:55:E8,Melisande,Reddie,21476484,F,26
C0:E0:42:9A:36:2A,Gavan,Mullen,4672184,M,62
82:E7:74:62:9C:DB,Alena,Veale,33319126,F,9
AF:0C:05:96:86:BD,Frankie,Maharg,13114681,M,37
BB:09:54:F1:1C:E8,Erina,Dilger,10652467,F,46
21:41:38:CE:50:D7,Juieta,Maddison,9519886,F,42
E6:52:8F:F0:B5:99,Adriaens,Kleynermans,12419922,F,37
A1:89:C9:FA:F6:6E,Levy,Wyard,15335228,M,30
73:CD:19:7A:63:67,Porty,Cosens,23902196,M,29
3F:B4:2A:F8:00:26,Towny,Bonniface,12923787,M,37
D6:C4:77:92:6E:C3,Tobey,Goseling,30431788,F,13
84:1E:28:BF:AA:01,Stace,Rown,22433914,F,24
8E:57:8C:3C:7E:C2,Randell,Baskeyfield,11336594,M,41
C4:6D:C0:68:C1:FB,Salem,Gergus,26857195,M,16
CF:FD:49:B5:82:FB,Sherri,Rash,28324446,F,20
6C:B2:EB:AA:E8:1B,Dore,Neasham,7808420,F,57
DE:6D:27:F8:03:CF,Ashla,Rudland,15380706,F,28
EE:2D:EB:A6:28:2C,Dare,Trowsdale,10392668,M,50
0E:DF:3F:63:3C:67,Madeleine,Gammage,31101259,F,14
25:C5:9E:6C:0E:D7,Adriaens,Kleynermans,13156448,F,34
BA:3F:2B:38:AB:2A,Kalli,Yuryev,3538032,F,61
6F:56:A0:F1:2B:15,Sib,Weir,18880361,F,30
66:42:C6:23:CA:75,Amandie,McCathay,26528117,F,20
CF:67:BB:BA:EA:EB,Garwood,Americi,22039045,M,30
47:D7:E0:E6:00:AD,Cello,Kornalik,13175125,M,32
60:91:E9:9B:04:B8,Carlyle,Koppens,10471285,M,45
0F:A6:E6:F9:92:8F,Lindon,Sivior,12676581,M,35
17:09:A3:B3:49:39,Christiano,Rothwell,9136256,M,44
6A:22:82:8D:9F:B0,Ashien,Bustin,3280170,F,64
4F:92:B4:C7:C6:C2,Elana,Batters,12068908,F,35
C1:42:53:8C:1F:04,Bartolemo,Pontin,6934303,M,61
AE:5F:2F:A0:9F:A4,Kailey,Nijs,7813673,F,54
FE:A1:96:FC:BB:3D,Wynnie,Scarf,19077233,F,25
23:E8:A1:38:23:5C,Miguel,Furst,23173708,M,23
7C:86:D2:DD:C4:49,Helaine,Caseley,22932021,F,25
C6:9B:2F:57:B5:B3,Karla,Albisser,8950746,F,56
B1:CD:AD:D4:5F:1D,Ansell,Capponer,23796378,M,30
8E:B3:AE:77:A7:B2,Nicolina,MacQuaker,11372302,F,50
C6:B3:5C:48:68:49,Rufe,Symonds,14998892,M,34
C7:BA:4E:B3:BE:8A,Gustavus,Catenot,8862273,M,52
F6:FB:B9:B3:AD:AE,Beverly,Drought,12271080,F,32
9E:88:FC:C9:CD:CB,Brigit,Hagyard,32182616,F,10
7C:B2:DD:31:99:1E,Herculie,Guido,10515586,M,45
36:EC:2C:9B:41:B9,Marthena,Bennis,13347533,F,36
93:B9:0D:B7:3A:D6,Morlee,Allabush,7431452,M,53
3A:30:2E:D8:28:F0,Chrysa,Baird,14165267,F,39
E7:5E:9B:81:4E:D8,Winn,Ruggs,26605923,M,16
E0:39:5F:F3:12:5E,Ilyse,Manklow,27973543,F,18
14:A3:55:EA:7B:4C,Tobey,Goseling,13223134,F,38
DF:81:9E:82:6D:9B,Caitlin,Drabble,26346470,F,19
D8:97:BB:3D:8C:D0,Jessalin,Dubble,9675674,F,44
FB:0F:E3:3F:0E:86,Dierdre,Braithwaite,12906818,F,37
CF:83:78:E4:0E:24,Darb,Ofer,12209607,F,36
AE:7F:E6:CD:D9:A8,Mycah,Enticott,13159817,M,36
55:40:CA:A1:0D:E5,Arlin,Pagram,22091840,M,22
2F:C5:5D:6C:83:0F,Viola,Dubose,25871743,F,25
CE:D0:03:78:95:D0,Ronalda,Canter,9479866,F,42
48:AD:E6:17:22:40,Joleen,Barnsley,13840932,F,40
6B:E2:E9:A4:03:2F,Eadmund,Nockles,16660271,M,30
40:80:06:EC:F9:44,Kial,Wainscot,13577032,F,31
29:95:E9:DA:89:CF,Kingston,Liverseege,9960592,M,42
8A:55:A7:D5:AD:98,Kinny,Grzegorek,10447431,M,44
95:B3:43:6E:74:B8,Wilhelmina,Flipek,9247010,F,41
73:E1:6E:17:61:71,Edan,Trusslove,26632108,M,20
25:5E:93:76:3E:E2,Walden,Voss,22852774,M,24
37:B2:26:BB:14:C8,Jamal,Stubbs,28139876,M,18
1F:89:26:FC:E1:E8,Aliza,Wainwright,9397571,F,43
8B:B9:CA:4B:35:C6,Odell,Ducaen,13287225,M,34
99:9E:FE:16:3C:B1,Eb,Di Giacomo,8623971,M,59
03:82:5E:62:9E:6B,Susann,Lidster,10246002,F,45
3A:37:7B:A4:42:D4,Bil,Hawick,8864560,M,59
A7:28:FA:BA:05:02,Gerladina,Themann,15438348,F,27
4C:18:BF:90:A2:FE,Reyna,Creboe,14570561,F,33
84:DE:45:DE:3A:E8,Perrine,Menco,14262797,F,40
00:44:05:53:5F:B3,Walliw,Waltho,22129335,F,25
D8:9A:E3:C7:C3:4A,Kristo,Speight,12489937,M,34
93:62:AD:FA:28:D4,Kalli,Yuryev,13652948,F,31
52:C9:72:BA:84:BF,Conant,Massard,4047689,M,64
ED:98:16:C9:21:B3,Benedicta,Meeland,23969143,F,23
12:CB:88:44:66:D2,Eleonore,Burgoine,9789710,F,44
BD:82:72:10:1C:A9,Mollee,Santen,10013026,F,41
C9:9E:F6:F6:8B:34,Morly,Maccrie,7419277,M,52
F5:A7:67:EE:EA:65,Garwood,Americi,33618011,M,15
76:EB:D3:80:81:7D,Eveleen,Battle,23818152,F,27
80:70:19:67:6B:5B,Sean,Boness,9304201,M,47
65:84:F5:C6:C3:9B,Shandy,Hedgecock,13952932,F,35
E1:9D:84:4E:34:0D,Zorina,Toffel,16658057,F,25
38:9E:32:0C:1E:C5,Corrine,Clemmitt,15021009,F,25
21:94:22:ED:2B:AB,Ab,Pinor,11295652,M,43
4E:EE:19:76:0E:7E,Jeddy,Buggs,3323980,M,62
A9:FC:3D:39:B8:F9,Ansell,Capponer,11466454,M,41
9C:3C:70:F5:58:E8,Juieta,Maddison,7709030,F,57
DF:BD:8A:AC:1A:D6,Britt,Speerman,33431280,F,15
2A:08:05:4A:84:26,Petrina,Karolewski,15419577,F,22
50:D2:29:89:B9:8B,Richardo,Thrift,14124018,M,38
24:95:4E:20:C2:A3,Lewie,Glanton,9772236,M,44
CB:C3:53:74:00:58,Madelina,Wyatt,6809204,F,64
D5:46:BE:D9:ED:5F,Maurene,MacKey,13511146,F,35
E0:B9:DD:7C:8D:ED,Minetta,Arkow,17094846,F,25
A1:3B:35:15:FE:BE,Consolata,Chrispin,14548508,F,33
46:EF:46:DF:3D:72,Bil,Phillimore,11354237,M,46
95:D6:EA:6E:AB:6D,Clayborn,Seabon,13883644,M,31
06:9A:C1:DC:DA:4A,Dev,Smails,14651198,M,34
CB:AC:67:B2:6D:C0,Giraud,Symers,6035228,M,63
3F:25:46:A4:71:41,Happy,Blaxall,14318329,F,32
57:BA:C6:40:E0:2C,Patric,Calafato,14207181,M,39
FD:75:67:FA:2A:A6,Gifford,Vacher,12752103,M,33
17:8F:E0:73:AD:C4,Consolata,Chrispin,13649028,F,40
A4:8D:A2:94:1C:9F,Emmalynne,Le Gallo,7742194,F,56
94:DD:84:51:11:BE,Jermain,Elphick,13793625,M,35
22:B6:E6:67:FF:83,Seumas,Gepp,13437976,M,34
16:A8:BE:7A:B0:87,Wynnie,Scarf,9639216,F,42
81:9E:12:D1:2F:55,Gerrard,Zavattero,25099077,M,22
37:7E:5B:80:86:51,Russell,Perillo,12269080,M,40
0E:AB:56:5D:29:7F,Heddie,Cossington,20687236,F,24
65:23:94:ED:76:C6,Burl,Seatter,11426376,M,48
BD:4B:FE:90:D7:C8,Wally,Astle,14574436,F,37
05:A1:74:27:F5:45,Shawna,Colecrough,12776557,F,34
80:14:6F:D1:0F:D6,Colet,Clougher,10626342,M,46
53:14:CE:DF:E3:FE,Shannan,Kloss,7372929,M,59
72:C4:DA:27:DC:B5,Augustine,Abbyss,14368630,M,38
5D:9F:49:8A:41:C0,Salaidh,Braidwood,14475642,F,33
AB:0D:A1:00:99:5D,Minda,Gostyke,15333407,F,27
4B:28:86:F9:3B:2E,Mord,Gobert,25024131,M,28
56:2C:DB:A8:06:D3,Shandy,Hedgecock,11096352,F,50
58:A2:81:39:DA:C0,Marthena,Bennis,10329173,F,42
68:3C:F7:10:E5:47,Lenora,Fullick,2437275,F,79
97:6E:59:E9:09:27,Emery,Poltun,9907131,M,44
FF:9E:A3:3E:B9:54,Nora,Corbishley,12859077,F,32
DF:03:BF:C7:0D:BB,Robinson,Cranidge,2110321,M,74
66:8F:CF:23:7F:52,Welbie,Eilhart,17259169,M,25
CC:06:0F:62:B3:F3,Morlee,Petrello,10328528,M,46
7A:DC:89:9D:74:1A,Haily,Champ,35023006,M,10
65:16:5D:FA:C9:A9,Milicent,Scane,9172943,F,50
AA:D4:6C:3E:69:1E,Bendicty,Gasson,1338963,M,73
63:24:75:EF:6D:A3,Adair,McKaile,19644465,M,27
FF:AC:48:D4:B5:51,Orlando,Heeran,14276813,M,35
09:3B:C1:DF:00:A9,Shell,Cockland,5757608,M,70
B4:A9:A6:56:B5:77,Arlin,Pagram,13499214,M,40
1C:3B:4D:7B:51:4D,Michail,Dafter,9721254,M,47
1C:BA:BB:D0:BF:CB,Randene,Kennington,14410678,F,39
FE:A0:8F:E5:F2:26,Harri,Seth,8041237,F,51
F4:03:4F:DA:0B:21,Don,Gerrill,29775585,M,20
DC:A5:CB:53:D4:0F,Aleece,Basili,14976562,F,38
A9:AE:FC:03:C0:8F,Angus,Rosellini,13512538,M,33
42:B7:35:62:D4:C9,Stanislas,Bambra,8510366,M,52
18:CB:C6:D0:22:F5,Abbott,Bebis,12908062,M,40
87:54:AC:D7:9A:80,Vere,Hamon,20757192,F,26
64:51:A8:77:C8:33,Gerladina,Themann,9619525,F,49
65:AD:C3:51:EC:7A,Seka,Penner,14161811,F,35
60:76:F9:46:CB:9F,Ellie,Skipsey,13914915,F,33
D1:24:6D:F4:C1:7F,Georgy,Glew,13301671,M,38
61:E7:AE:7D:77:18,Cherice,Stichall,11574756,F,44
A7:03:B3:6B:1F:32,Eadie,Imlock,33026991,F,15
3F:0E:19:61:9D:4A,Wallie,Crisall,14920700,F,34
F9:F2:4D:1A:91:59,Ruprecht,Edworthie,34698102,M,9
B7:92:F8:C7:82:18,Candy,Ceresa,9299586,F,41
7F:03:B0:75:8B:1F,Stesha,Chimenti,22033284,F,23
21:83:23:A5:ED:2F,Rog,Cramond,9389367,M,49
84:13:0D:55:BB:0E,Silas,Larret,14376891,M,31
9B:3A:00:0B:F9:E8,Mathe,Blakeney,13138837,M,37
B7:0E:B8:94:41:E7,Clint,Patchett,22364066,M,30
BB:44:39:9A:18:FB,Danika,Gresswell,30506287,F,12
7F:AF:FA:B1:07:0B,Amby,Cass,12175565,M,35
9E:2A:40:10:40:40,Robinet,Goodday,14330588,M,33
B7:E5:76:1C:9E:AF,Bran,Daveley,9830688,M,46
44:D9:73:7C:E9:B3,Sinclare,Jedrych,12854882,M,35
5B:2F:03:A6:D7:A7,Jaimie,Paulley,14109527,F,32
EB:1C:21:32:1D:92,Ferdy,Orable,7238557,M,51
DF:3A:37:B3:78:EB,Lewie,Glanton,15271516,M,30
7B:14:07:4C:07:9A,Noby,Velez,31063663,M,9
F3:80:AD:41:1E:18,Udall,Hallor,8554401,M,52
D9:EC:8D:75:2B:0D,Jeddy,Buggs,14150439,M,40
49:E1:8D:D4:63:2D,Jaymee,Rubinsztein,20759438,F,24
ED:94:E0:A4:63:66,Barry,Ianitti,14561158,F,32
C3:16:E5:F7:0E:C8,Oralee,Hitzschke,12034749,F,35
A8:8F:CA:3F:57:DA,Karalynn,Gadie,7024502,F,57
66:33:1E:A6:69:72,Shell,Cockland,19050243,M,27
A8:26:01:79:C7:C4,Sande,Wellstood,13587303,F,37
44:E2:1C:A4:3A:28,Fawne,McMeeking,14637769,F,40
46:21:9D:44:E2:4B,Omero,Hendriksen,12847421,M,38
B3:C6:C2:B4:13:00,Christye,McOrkill,8704453,F,58
F4:ED:AD:3B:BB:CC,Ceil,Adnam,13016287,F,36
C1:13:ED:99:C4:9D,Keelia,Box,7608074,F,58
D1:A6:35:E9:17:FB,Courtney,Stayt,13224481,F,40
76:6C:CD:09:45:3A,Celle,Fidge,14494877,F,37
B1:87:CF:AA:9A:5B,Nev,Normavill,7840458,M,51
61:8C:6A:10:DA:A4,Gerrard,Zavattero,28608600,M,20
21:6E:E5:44:98:23,Renado,McBryde,21156137,M,23
F3:97:0E:F3:C3:49,Onfre,Venditto,12135949,M,37
70:3A:6A:BA:EA:40,Benito,Croyden,12842471,M,33
31:98:5D:BF:A8:DE,Isaak,Haighton,10197982,M,43
BD:0D:C7:E0:A8:7B,Rockwell,Farnie,13058596,M,39
FD:D0:43:A2:86:C6,Omero,Hendriksen,12116321,M,39
89:2F:25:E0:2A:2D,Casper,Scryne,13697085,M,31
10:96:2B:8F:2F:75,Shantee,Rudsdale,12943239,F,36
13:94:F5:F5:0A:97,Billye,Noble,24646110,F,30
00:31:3A:DA:02:A8,Jeremy,Bulluck,27085326,M,17
5D:4B:FA:D8:0C:9D,Aime,Zamora,24862098,F,24
12:3F:E1:C8:37:BD,Stephana,Huyche,18867138,F,25
AF:36:E5:27:C7:74,Mel,Lardeur,12963085,F,32
49:81:AF:09:6B:00,Sherri,Rash,14335037,F,35
21:BA:F2:43:7F:96,Miguel,Furst,24358619,M,24
5C:9D:13:03:EB:65,Connie,Ney,21269735,M,29
D9:83:C6:36:C2:00,Mikael,Terbeek,10201892,M,46
4C:19:61:D2:9C:EA,Leann,Squibb,11235215,F,43
75:A8:92:E7:79:96,Carola,McInally,17235273,F,29
78:44:D9:F4:82:13,Eadie,Imlock,13316869,F,37
88:4D:B8:8F:E0:E8,Garret,de Clercq,28089386,M,20
22:02:1E:A3:92:A0,Randal,Kneesha,10453659,M,43
74:8A:40:79:6A:7E,Gifford,Vacher,26178654,M,18
CF:CB:2B:A1:B7:C8,Papageno,Geffen,10418217,M,49
53:45:E8:4B:F1:F8,Bret,Knevet,21846278,M,22
A4:B5:8B:3B:F7:47,Wally,Cuvley,11682497,M,47
F5:07:B5:B2:A7:6B,Wini,Zannelli,17125574,F,27
9F:78:2D:09:BC:47,Wilhelm,Apfler,21886791,M,26
1D:2D:74:7A:11:BB,Shane,Loveredge,10974085,M,43
06:DB:0C:5F:1C:09,Tobey,Goseling,18115055,F,25
D9:EB:BC:08:8B:91,Harli,Yea,12893247,F,31
5C:D6:69:8A:F9:E3,Corabella,Davet,20317036,F,29
A5:6A:32:99:8C:D5,Michail,Dafter,13180669,M,34
2C:08:9E:19:BF:97,Egon,Branca,12080051,M,34
E3:C4:73:98:14:09,Wini,Zannelli,13133328,F,31
C7:6A:D8:2E:92:4F,Stoddard,Beynke,11189500,F,49
B8:B1:4F:B2:17:05,Meridel,O'Hanley,12922641,F,40
91:58:D9:82:20:AD,Edgar,Cotterel,9823433,M,44
59:E2:80:47:B7:94,Johan,Bugler,10364978,M,47
9D:4E:5E:89:52:A2,Jerald,Durbin,13973937,M,33
67:3A:43:76:D3:3C,Sean,Boness,19020000,M,22
82:89:43:84:3F:85,Cristy,McClean,5125616,F,63
B9:B5:1C:E8:E1:BA,Jobi,Switsur,4137906,F,61
F5:E9:20:0D:42:53,Aurea,Couvet,14943386,F,38
4A:7A:25:C2:CD:3D,Georges,Lebrun,14009002,M,40
E8:AD:B4:65:17:05,Gifford,Vacher,2915393,M,81
C5:6B:B7:63:32:F4,Ainslee,d'Arcy,23488935,F,30
03:2E:2D:BE:83:6A,Marthena,Bennis,20925237,F,29
E7:2F:74:F1:9A:EA,Welbie,Eilhart,17782286,M,21
A5:61:9E:61:3E:71,Bertina,Blissett,12570723,F,32
D0:54:F9:95:C4:BE,Terrence,Bergstrand,12539168,M,38
65:01:9E:49:E7:19,Danit,Balbeck,10641482,F,44
2E:CD:5E:F6:57:72,Nigel,Orrom,14614482,M,37
43:8B:9F:69:69:77,Reyna,Rodda,28399373,F,18
90:DF:8F:C6:B0:D0,Gerhardine,Kreuzer,24107955,F,25
D2:14:5F:A5:5B:DF,Jacobo,Crisp,29704741,M,20
62:83:5B:A0:85:A6,Carlene,Sukbhans,12078344,F,35
EC:F2:47:F5:8D:E3,Evania,Beadel,17234440,F,28
59:EE:7C:32:E0:16,Agatha,Edess,13138002,F,34
8E:75:26:C3:F7:42,Tedmund,Greig,25264678,M,27
7C:C7:B0:30:D5:C8,Torr,Curme,22965352,M,25
90:97:FE:73:CC:D1,Fawne,McMeeking,7313618,F,51
ED:1E:29:27:FA:E4,Karilynn,Mawson,26604871,F,19
63:1E:9D:A3:66:2B,Danyelle,Delf,19489624,F,22
8F:A5:E6:85:A1:87,Beatrix,Dislee,10548232,F,49
14:F2:A0:24:CB:BE,Shandra,Roggieri,11383832,F,45
25:29:96:E4:67:F6,Wilhelmina,Flipek,8154136,F,56
E4:8A:39:55:E5:16,Danyelle,Delf,10748580,F,43
78:0E:23:C9:3D:85,Zechariah,Kerrod,17757991,M,29
D7:16:B0:2A:7B:3B,Loren,Archer,10978157,F,43
2E:D6:07:07:E0:AA,Laure,Crosson,8924767,F,60
51:8D:C5:67:0F:25,Johny,Laurens,11734543,M,49
73:15:E4:F6:4B:35,Inge,Mullane,14902046,F,39
4A:00:CB:89:9C:C3,Justine,Kittoe,13072928,F,35
7F:06:9C:29:06:7E,Ferrell,Beeke,9457613,M,45
9A:FD:1C:EB:BE:56,Russell,Perillo,14216117,M,40
C4:1C:BB:C7:CB:2B,Gregorius,Galland,14028945,M,36
67:54:04:84:C1:63,Giordano,Kinnar,24037097,M,22
0F:E0:25:76:79:09,Janel,Jiggen,20104430,F,24
47:7F:B1:42:64:81,Angeli,Tilbrook,10377867,M,42
7C:D2:32:D8:97:5A,Morlee,Newlin,10783743,M,43
59:AF:F4:D8:C8:1E,Bancroft,Villaron,12775106,M,37
20:E0:C2:A9:7F:C8,Carlene,Sukbhans,11500215,F,47
D2:A0:0B:AE:FF:0C,Marquita,Derrett,8850724,F,54
F6:21:66:D9:64:6C,Marj,Thing,17677159,F,27
94:2B:A0:11:B2:F0,Isaak,Haighton,17155943,M,23
97:A3:15:5F:C4:4D,Galven,Ager,13866744,M,35
4B:2E:0D:56:92:31,Lion,Longo,14062109,M,39
79:3E:8D:A0:47:BB,Gretchen,Vere,8913619,F,57
03:99:8C:F7:10:6E,Winifield,Stancer,25033718,M,29
60:B0:55:C8:EF:79,Lolita,Drennan,12917967,F,32
A8:BD:F9:DA:11:28,Jenifer,Clough,29894886,F,16
45:0B:2B:04:15:2A,Abbie,Heather,21272195,F,29
C1:4C:79:36:7C:62,Jonas,Etherton,8901519,M,53
BA:6A:D1:8B:8A:FE,Dianne,Graysmark,14216102,F,38
DF:68:25:D9:19:F5,Chester,Bock,12961767,M,39
4D:2A:EF:D2:E8:33,Brana,Seatter,7555434,F,52
54:86:80:2E:AA:09,Suzette,Setchfield,13510694,F,37
7F:DD:F0:B1:58:96,Clarence,Wasiela,9495791,M,43
DC:BF:0A:FD:51:19,Yvor,Alltimes,12544495,M,34
41:D1:9D:60:97:F3,Lauralee,Woodcraft,14234334,F,36
D6:BB:03:61:79:1A,Myrtice,Mynett,7879984,F,54
F5:74:AC:DA:C4:37,Lorin,Filpo,22214023,M,22
6F:DC:95:FD:22:00,Jeremy,Bulluck,16714915,M,27
AD:6A:2E:F8:92:FB,Monah,Shalders,19932106,F,29
03:25:D5:0B:AC:08,Gregorius,Galland,7712343,M,55
ED:CA:AA:5A:65:58,Sully,Martinyuk,11828725,M,44
FD:6E:FD:BD:64:92,George,Lace,9450108,M,42
F3:C2:B4:3F:C5:F5,Hamlin,Towe,10006528,M,48
0D:91:9C:E7:69:1C,Abbie,Heather,7922116,F,54
8C:E2:07:11:06:EE,Dido,Tolputt,10495261,F,44
BC:35:46:4B:EF:8D,Bastien,Hachette,9733452,M,43
B2:B3:45:7A:5A:7A,Klement,Ikin,12688677,M,36
E1:F5:2D:65:28:8A,Edgar,Cotterel,11369970,M,45
F9:D2:91:74:D5:D6,Harli,Yea,34319985,F,14
6E:2A:19:7A:86:BA,Lion,Longo,28644357,M,17
61:AC:55:94:FA:FD,Walliw,Waltho,24947505,F,23
58:92:02:E3:B4:F7,Sella,Camel,14909905,F,39
18:87:26:A0:1E:A4,Adiana,Cavill,9944137,F,42
6B:0B:5B:23:AE:CC,Karla,Albisser,29104714,F,16
F7:0D:7D:D8:73:CB,Christiano,Rothwell,28707630,M,17
7A:D6:15:94:FD:E4,Oralee,Hitzschke,7046610,F,54
AE:41:F7:40:CE:28,Berti,Blewitt,21569040,F,28
BB:A9:72:A3:60:B1,Morlee,Petrello,11076810,M,50
A6:9A:FF:EC:AB:FC,Onfre,Venditto,13187034,M,31
D4:38:5C:6F:3E:DC,Kingston,Liverseege,6714481,M,64
79:80:C7:E8:76:59,Oneida,Duckworth,16179470,F,23
3D:F7:2C:BB:97:26,Birch,Symington,12975661,M,40
63:8C:B1:80:2F:36,Shane,Loveredge,11894344,M,45
E1:45:A3:A5:29:64,Homer,Gilfether,9821847,M,48
52:4E:8C:B7:8C:F8,Gregorius,Galland,29691234,M,20
41:1B:E3:A1:F6:A1,Lucinda,Pindred,10393671,F,48
3E:D8:EA:13:8C:50,Gretchen,Vere,14222307,F,35
B2:FA:60:EA:AB:E0,Artur,Chetwin,17721268,M,21
E3:C5:E8:BC:CA:D5,Amandie,McCathay,13850235,F,33
76:20:76:91:9D:8E,Christiano,Rothwell,12485225,M,35
C4:AB:C5:F3:C4:D2,Eadie,Imlock,13853409,F,37
32:71:F2:5B:A8:09,Yvor,Alltimes,10547041,M,48
88:50:D2:35:A6:F8,Stanislas,Bambra,26858575,M,20
FC:99:3C:D9:A0:0F,Elissa,O' Neligan,11158354,F,44
83:6C:93:2D:6E:56,Job,Kinman,34521637,M,14
6C:49:A6:C8:60:91,Keelia,Box,14908317,F,32
B1:B4:D4:30:B8:8D,Benn,Gainsboro,23313635,M,29
17:AA:02:9A:60:75,Genevra,Alfonzo,7761911,F,53
7D:4A:B9:3A:64:58,Nolan,Overpool,12797088,M,40
3C:6D:6C:D1:A1:25,Papageno,Tomalin,23179433,M,24
A7:FE:13:3C:34:7B,Clywd,Martlew,24450071,M,27
78:B6:0E:79:C5:1E,Laurene,Docker,9170488,F,42
46:EC:C7:1E:A2:F0,Noby,Scrooby,31288494,M,10
BF:78:68:E0:FA:28,Rocky,Brokenshaw,12175926,M,35
40:59:E5:47:BB:E1,Wood,Jerman,18510388,M,26
4C:02:F3:7B:2D:3E,Elicia,Lowther,16058622,F,28
4A:4E:C0:C7:F6:79,Spenser,Logsdail,18157989,M,29
D9:20:1E:1F:B4:37,Lorin,Filpo,26130358,M,17
FE:61:82:6C:2B:A1,Karalynn,Gadie,25186903,F,21
BC:E9:55:4A:08:1C,Yancey,Ninnoli,21178034,M,27
14:4C:4A:CA:AC:ED,Lilllie,Wimpey,5655509,F,64
BC:BF:0B:C1:FA:4E,Porty,Cosens,29519462,M,18
62:EE:6A:35:87:38,Juanita,Craythorn,26847188,F,19
48:FA:FE:C0:89:00,Bil,Phillimore,20875751,M,30
75:5B:0E:C4:F0:18,Dom,Kevlin,9037547,M,49
47:86:DF:51:2F:5F,Sari,Stratiff,10785310,F,44
73:10:E1:DE:65:15,Walliw,Brearty,13613376,F,37
C8:5D:23:CA:65:E1,Johanna,Gray,9661415,F,44
51:F8:C3:D7:9C:68,Reena,Shipton,31674758,F,12
A8:78:D3:8E:74:7F,Harmonie,Saull,7918389,F,56
AC:40:50:5D:0C:18,Sheri,Aynold,644213,F,71
8A:5E:A5:0D:85:29,Arthur,Odhams,10510073,M,41
B0:3B:42:F9:D8:F9,Zechariah,Kerrod,12431022,M,39
EC:F2:E9:55:CD:B4,Lydon,Lifsey,13298046,M,38
43:B2:F3:B6:AF:E8,Antoine,Lever,12188168,M,35
B5:F4:16:06:76:C9,Finlay,Philps,17965081,M,29
55:5B:7E:A2:6A:1D,Northrup,GiacobbiniJacob,4736701,M,65
9C:19:CF:5F:FC:1E,Tades,Riteley,25498640,M,26
D6:7B:F1:4B:1A:46,Dyann,Oswald,7435862,F,59
D8:D9:07:80:13:C7,Kial,Wainscot,9535677,F,42
83:AB:24:7E:B7:D9,Daffy,Cicculini,30591820,F,11
68:72:66:69:9F:EC,Rafa,Wyson,13515361,F,35
BB:AB:28:E7:80:0A,Shandra,Roggieri,22585715,F,24
46:D4:02:42:A7:0B,Goldia,Hourigan,14708315,F,36
03:64:4C:B1:5F:39,Nil,Lloyds,27074361,M,18
19:73:2B:5C:D4:C9,Sherry,Bockman,10453272,F,44
BE:32:B4:49:A4:8F,Foster,Rowesby,12492431,M,36
37:E6:92:71:F4:D4,Carlyle,Koppens,24332339,M,30
B0:5A:11:9E:AF:C1,Persis,Raeburn,13861375,F,39
6F:06:EB:C4:62:47,Sophia,Lyddy,27015134,F,20
8C:FC:D7:01:80:73,Walden,Kepling,4825646,M,62
19:78:9C:29:6F:EF,Ainslee,d'Arcy,33023729,F,15
97:F6:9F:30:70:7F,Lay,Cattow,13191528,M,37
2E:E9:B0:BF:7A:BC,Lawry,Richard,9041146,M,43
EC:53:FE:94:DD:B3,Lay,Cattow,8543834,M,58
BD:B6:F2:C7:27:C3,Mirabel,Mariotte,11920433,F,49
83:A0:D9:35:2C:A6,Carny,Worsell,16371693,M,26
79:62:0E:C1:47:74,Melinde,Goodger,11464926,F,42
28:C4:AF:46:87:F5,Steffie,McBryde,14240098,F,37
82:FB:58:10:9B:3C,Dalt,Learmouth,30216656,M,12
8A:D6:9A:63:96:37,Debee,Cadamy,9199348,F,46
ED:B3:66:C1:47:7A,Binnie,Willicott,13923268,F,32
84:8D:3C:C8:FB:4D,Tami,Spray,20575534,F,21
DD:A8:49:55:BB:80,Cristina,Doull,24328331,F,23
B7:F0:E5:2B:25:AA,Marthena,Bennis,22224625,F,27
8D:7B:4D:1F:75:40,Reube,Tomasik,25517191,M,24
A4:6E:0A:27:2F:0A,Ezekiel,Riseborough,14262964,M,33
83:8F:21:27:7D:0B,Wynnie,Scarf,24108477,F,25
DD:89:F0:ED:49:38,Georgy,Glew,32521575,M,15
26:5B:BC:4D:D5:8C,Winslow,O Mullen,10008230,M,44
D8:34:34:C1:2C:84,Randell,Baskeyfield,13776113,M,39
11:84:63:39:73:60,Franklyn,Narraway,9819443,M,50
BC:38:74:BD:91:E2,Jonas,Etherton,15664677,M,30
49:94:8D:C7:26:F1,Gawen,De Bellis,8312088,M,52
61:1D:B8:4F:3E:09,Daniela,Boulding,4827761,F,61
8C:10:EB:27:B3:B4,Sharona,Klasing,13763622,F,31
5D:CD:E0:4A:D7:29,Barry,Ianitti,7550741,F,57
7E:B4:42:8C:B4:5C,Christiano,Rothwell,10311921,M,49
F7:9A:E8:A6:D6:46,Gregoire,Antonias,9183271,M,45
52:BE:72:15:78:9B,Tiebout,Von Brook,10819184,M,49
CC:C8:1D:EC:31:6A,Boone,Pogosian,11205179,M,44
68:66:44:7C:CC:68,Josiah,McAline,11337571,M,43
17:A3:4C:9F:F0:F3,Odey,Greenroyd,10670864,M,43
B9:29:C7:CF:79:59,Stan,Hambright,13015351,M,34
2E:FE:57:C2:08:C1,Gustavus,Catenot,16948839,M,30
23:78:91:01:F7:92,Janos,Twigge,9488917,M,44
07:35:60:32:73:4B,Welbie,Eilhart,11146039,M,41
84:60:DA:C7:90:94,Hilario,O'Murtagh,33333945,M,9
DE:04:AA:C6:75:57,Rudy,Eldin,11271980,M,42
E2:EF:40:4E:30:2C,Ransell,Orpen,18380435,M,28
E7:FC:A3:62:9A:9F,Mill,Neenan,27567909,M,16
75:2F:3D:A8:1E:A7,Edgar,Cotterel,11058412,M,45
35:92:25:97:05:73,Fonz,Myall,9128549,M,50
C1:10:21:2D:7E:E0,Jeramie,McLeod,20102974,M,28
49:A9:E0:94:04:13,Alena,Veale,11446228,F,48
D4:6D:95:DC:9E:65,Patric,Calafato,11968411,M,45
EB:99:0B:E8:19:42,Garik,Baise,21519716,M,22
23:31:A6:9D:C1:09,Laure,Crosson,29059349,F,18
A2:F5:75:F9:67:FA,Elysha,MacGiany,19227540,F,25
0E:CA:2B:EC:FD:AC,Manon,Grahame,14964931,F,33
B0:59:40:65:7E:3F,Birch,Symington,14506256,M,37
CC:E4:DA:45:1F:9F,Robb,Meach,21098393,M,28
54:6B:AC:A2:92:10,Chad,Fassam,12550744,F,35
DE:0A:28:DB:A4:25,Burlie,Antonomolii,34252924,M,13
00:28:DE:0B:E1:92,Nora,Corbishley,12908293,F,37
35:F6:A8:67:C5:80,Iorgo,Schoenfisch,9523871,M,46
61:47:AD:FF:D7:7C,Sharyl,Maestrini,24333519,F,24
EF:8A:26:21:FA:F5,Cyrill,Lurner,14849202,M,34
A3:1D:44:F4:DC:2E,Eward,Antoniewski,14536226,M,35
6D:68:92:4E:91:31,Elissa,O' Neligan,12025458,F,33
53:7A:9B:C0:0D:FE,Ab,Pinor,12093929,M,37
53:3B:D5:5B:1A:72,Zorina,Toffel,11912712,F,47
D5:F2:00:CD:4F:91,Linnet,Jouning,27197022,F,17
B6:C2:53:85:63:2C,Casper,Scryne,8538899,M,60
42:5B:A0:48:4C:AA,Sunny,Grigorushkin,14003882,M,35
8A:7B:59:18:83:21,Bret,Knevet,8441160,M,53
9D:04:EB:5F:54:B3,Artur,Chetwin,15568451,M,30
BB:76:5F:75:57:74,Wallie,Crisall,10398927,F,41
8B:46:BA:3E:6E:09,Christiano,Rothwell,17519098,M,29
2C:DF:1D:AF:18:B8,Nathalie,Gotthard.sf,15921668,F,26
9B:3A:13:55:52:F3,Delinda,Duggon,7086988,F,55
E4:49:4B:01:96:A2,Irma,Longmire,20979066,F,28
11:7C:14:0A:1D:83,Lovell,Burgess,18859058,M,23
9D:FC:6A:D9:53:5E,Lucinda,Pindred,14779954,F,37
91:00:58:9C:1A:3D,Banky,Roggeman,10399483,M,48
B3:48:BB:4A:04:D2,Ag,Janout,13662777,F,35
04:4D:8D:60:39:87,Christiano,Rothwell,15198036,M,28
BE:90:90:40:09:DE,Dalt,Learmouth,13389620,M,31
5D:52:74:3F:FA:E0,Gwyneth,Dwight,23817392,F,30
31:E3:07:8B:74:B1,Joleen,Barnsley,11099520,F,41
FC:74:8D:40:0F:AE,Dierdre,Braithwaite,28558048,F,20
1A:A3:9F:E2:E0:A0,Vere,Hamon,8216874,F,52
E7:F2:F8:E3:B3:C6,Jamil,Tritten,5793410,M,67
95:9F:0C:50:89:4E,Berthe,Van der Hoeven,25659082,F,26
C1:64:43:47:84:C0,Rene,Henbury,12088070,F,39
7C:DB:29:30:D1:AC,Giselle,Cossins,11678398,F,46
4C:44:53:15:51:CC,Trish,Heighton,17133914,F,25
9A:B3:3A:2E:22:C5,Killie,Lancetter,8239933,M,58
02:81:8D:50:69:62,Dev,Smails,14827942,M,40
4A:FD:5E:78:2A:03,Jeddy,Buggs,12558200,M,39
73:5D:A2:DC:3E:CB,Dukey,Peasnone,21449586,M,29
32:ED:E1:0C:59:EF,Sharlene,Gershom,18586466,F,29
01:39:D3:C5:AC:3B,Robinett,Spooner,19390584,F,25
8C:70:01:2E:2D:35,Rivi,Wickwar,13019970,F,36
F5:EA:51:79:80:11,Erin,Elves,8347504,F,59
94:A8:9A:9C:E5:87,Kendrick,Donovin,7383514,M,51
36:3C:23:57:7F:87,Duky,Pickburn,9578655,M,46
52:5F:78:E3:47:C7,Gregory,Willeman,10239638,M,47
14:F6:1D:B3:B2:57,Mike,Jacobsson,26670582,M,19
80:B3:24:81:F0:6C,Nathalie,Gotthard.sf,33253271,F,12
21:44:92:BE:12:1E,Frankie,Maharg,6151708,M,69
6F:C0:61:9A:22:16,Patti,Amies,9889141,F,48
82:AC:AC:B9:44:1D,Walden,Kepling,10781838,M,48
53:04:7B:18:C0:BF,Mel,Lardeur,8020449,F,56
75:C8:FA:D4:E3:7C,Genevra,Alfonzo,10152570,F,42
56:D7:38:B1:BD:E9,Lita,Maxwell,11615886,F,44
1D:27:B3:5D:B8:CE,Jeremy,Coveley,7803738,M,51
C9:3D:F2:1E:F8:51,Tobi,Stratten,11686413,F,42
D5:4C:18:82:6B:B3,Minnnie,Pinner,11623922,F,44
B2:BF:F3:82:F1:2F,Rockwell,Farnie,8741541,M,56
C9:2C:FA:DC:18:7A,Marjorie,Beaver,13581406,F,33
C6:4F:A0:12:54:0D,Garik,Baise,10455823,M,49
3C:27:8E:4A:40:68,Guillaume,Hoggins,12350679,M,31
4D:4B:D6:79:A0:DB,Gustavus,Catenot,15893026,M,27
A0:75:6F:4D:48:87,Essy,Sillick,28883839,F,18
45:4A:9F:40:0E:1A,Lion,Longo,8844804,M,51
F0:88:64:2D:F7:C4,Lauryn,Nutbrown,33608356,F,10
E2:3B:61:D7:00:6E,Ansell,Capponer,11439837,M,50
AA:EA:DA:82:3B:09,Abramo,Wackley,14775374,M,33
A8:38:65:FA:CE:27,Puff,Joost,14554672,M,39
2C:FF:4D:97:28:D5,Grayce,Glover,9361719,F,42
70:B7:6B:0F:E8:D0,Corrie,Greir,12250580,F,38
79:99:1A:B1:B7:FE,Ashla,Rudland,8161214,F,52
3F:B8:D0:A9:B9:F0,Rockwell,Farnie,15571987,M,30
1D:9D:7B:A9:71:06,Edwin,Mehew,14714510,M,31
0C:FD:B8:5D:EB:42,Dicky,Gowdridge,23278976,M,28
36:C0:D8:11:3D:C8,Gerianna,Mitkin,14462543,F,36
A0:34:26:5F:60:C2,Moselle,Bosquet,22654740,F,28
CC:CD:50:A0:32:A3,Neil,Lahiff,11110880,M,44
31:16:4D:72:B5:A1,L;urette,Torrecilla,17326408,F,25
7F:9E:57:0B:2C:34,Stace,Rown,11536197,F,46
8E:D8:B0:D4:A4:8E,Ruby,Smye,13034988,F,37
76:E7:7B:36:D6:CA,Free,Momford,17092965,M,30
85:89:A0:C1:00:E6,Marquita,Derrett,10260772,F,47
5C:7C:83:7D:88:21,Shalne,Bruhnke,7175066,F,52
1C:2D:7D:9B:AE:A5,Aurea,Couvet,29541579,F,20
CD:B6:10:AD:FC:93,Eugene,Buxsey,29211323,M,18
79:F3:F2:2F:F9:A8,Benn,Gainsboro,11129310,M,43
0C:CA:9B:14:F4:67,Salaidh,Braidwood,8964190,F,54
82:3D:20:7A:9F:19,Agatha,Edess,12771618,F,37
44:51:06:56:C6:9E,Harp,Penddreth,19975625,M,30
6C:DC:B5:A9:C8:00,Moselle,Bosquet,25643910,F,26
7A:FC:E6:6A:20:CA,Juan,Finey,14617862,M,40
87:B3:E2:4A:F9:D4,Benji,Bembrigg,14070797,M,34
17:56:51:60:63:A5,Catlin,Corness,10199174,F,43
98:5B:8A:C2:0D:BE,Elisa,Dengel,14512137,F,36
3C:28:63:DE:97:84,Vergil,Duiguid,21584361,M,27
58:E5:2E:BE:28:1F,Latisha,Richings,18334422,F,25
22:96:3E:C8:FD:5D,York,Goadby,12117407,M,40
86:66:39:8C:EF:BF,Casper,Scryne,25239669,M,26
92:D1:98:79:D3:4B,Burr,Trimby,14143167,M,38
70:AC:48:C9:8E:30,Wally,Astle,12634433,F,32
BF:FD:B7:F3:B9:CC,Delinda,Duggon,12839094,F,37
4A:0F:9A:E8:85:69,Lolita,Drennan,21152898,F,23
02:C9:F2:ED:17:8F,Guilbert,Pietraszek,13441062,M,32
23:92:81:04:D8:CD,Towny,Bonniface,14738426,M,40
36:C0:F9:90:3A:95,Talia,Ridgewell,10310682,F,41
46:E7:34:C8:EA:14,Tanhya,Kaubisch,9169064,F,47
85:E1:4F:17:4B:62,Eugene,Buxsey,19212520,M,26
EA:90:A1:86:2D:A5,Lilllie,Wimpey,25477606,F,28
D1:9C:64:3A:A8:27,Giordano,Kinnar,7242016,M,51
75:D3:4A:E9:FE:F3,Lorin,Filpo,17574971,M,21
6B:FE:9F:FC:E0:57,Sherry,Bockman,7314653,F,60
A8:5A:2B:4A:24:79,Monah,Shalders,14988281,F,35
1D:74:50:6C:83:A7,Francene,Durram,27397915,F,20
70:7D:48:58:06:12,Carol-jean,Redpath,9260004,F,43
91:35:61:0E:18:67,Gretchen,Karlowicz,20063854,F,29
69:9B:B3:90:4E:59,Augustus,Aubury,10931776,M,41
AC:FD:38:B7:7D:9E,Lilias,Skitterel,13884514,F,34
E1:CE:7A:58:00:70,Jacobo,Crisp,12098332,M,32
BE:70:66:F7:14:98,Michele,Fardon,10742610,F,45
BB:13:9A:CF:98:0C,Mill,Neenan,20700856,M,24
34:8D:37:DD:07:D3,Eziechiele,O'Scollain,13464540,M,38
A6:28:AC:91:19:01,Daria,Brumfield,21468807,F,22
15:2A:E6:45:80:F7,Lucina,Schimpke,8409622,F,54
0E:23:D6:15:D9:71,Clemente,Aldham,14493101,M,35
DF:C7:01:CA:7F:C7,Sarine,Pascho,7793775,F,52
30:47:18:34:A0:23,Dag,Boutellier,13914444,M,33
8B:48:FC:34:72:81,Sherri,Rash,9479929,F,47
7D:8A:B0:20:66:E7,Milicent,Scane,20428659,F,25
96:AC:F1:73:50:E0,Edwin,Mehew,10623232,M,46
17:47:83:63:27:71,Lonni,Brandassi,12139965,F,40
F0:34:A3:A1:60:14,Reyna,Rodda,12040253,F,31
E9:8E:59:09:DE:5C,Ursulina,Yushin,13126806,F,33
CA:DA:CA:E9:B3:E1,Tobias,Minshaw,33149535,M,14
08:9F:BA:E8:A1:69,Marietta,Annon,6919293,F,68
F8:ED:A5:61:48:D5,Urban,Monkley,9717139,M,48
77:F8:8B:E5:95:DD,Paige,Gladding,19034050,F,25
AA:98:2F:E3:92:06,Lenora,Fullick,12442368,F,32
C2:21:03:8D:28:8E,Jerrine,Tuhy,7852654,F,57
23:56:3E:82:F5:E8,Burlie,Antonomolii,13880628,M,36
9A:BB:1B:78:E3:94,Laurella,Escott,14512412,F,32
D1:D1:C4:54:15:26,Morlee,Allabush,15784539,M,28
7F:6D:51:44:7C:95,Franzen,Laughlin,9190176,M,47
17:5A:7D:EC:87:36,Geordie,Askam,8912347,M,52
43:B6:8A:E8:F3:A5,Ephraim,Oxborough,11737598,M,48
B0:B5:FB:E8:82:E9,Emmalynne,Le Gallo,14909731,F,39
EE:EB:6C:AE:A4:9A,Marcy,Lyddy,25593243,F,25
5A:FF:C7:68:0B:6F,Ellie,Skipsey,1411375,F,78
20:AD:E3:EC:3D:FF,Yulma,Sines,10055037,M,47
8C:D2:D9:69:75:58,Mike,Jacobsson,11778649,M,41
C7:A3:8A:7F:04:C0,Leda,Lafontaine,14854520,F,34
94:74:63:C0:22:CE,Ellie,Skipsey,18821057,F,29
45:C9:BE:FC:CA:05,Davina,Eakle,8689200,F,58
DD:F1:4E:8D:40:08,Hannah,Hurley,6301213,F,63
24:3A:2B:6E:10:59,Annabela,Klosges,14420990,F,34
71:D3:68:83:6B:8A,Barty,Wackley,25850043,M,29
5E:88:81:64:B2:5B,Dalt,Learmouth,21118215,M,28
6C:81:39:0B:06:C7,Goldina,Grimston,14210293,F,39
71:FF:31:C1:DA:24,Esmaria,McVitie,10524505,F,50
3E:20:47:C4:8F:86,Selia,Marston,14435205,F,31
5E:6A:21:ED:BD:97,Ashlie,Casetti,13730124,F,38
2D:2F:59:9B:3A:88,Giuseppe,Steenson,980531,M,82
3C:39:96:86:0A:4D,Papageno,Tomalin,13653704,M,33
0E:BD:20:5C:14:B1,Giovanni,Jeske,13238842,M,40
80:FD:8F:A7:08:99,Elbertine,Ondracek,8059532,F,55
CB:91:87:9C:0A:E8,Ripley,Roads,7736348,M,52
FD:11:1D:C1:70:CF,Nonnah,Stansbie,11909074,F,49
42:2B:5E:95:A7:B8,Peggy,Piborn,25899297,F,28
EC:EA:5C:52:FC:26,Giraud,Symers,12108728,M,34
3D:95:F3:B7:FB:C0,Stan,Davenell,24490824,M,28
B3:73:0B:C4:CC:FF,Kelsi,Connew,10792504,F,45
97:92:1F:26:59:13,Teodora,O'Haire,12659357,F,33
9F:8A:57:F3:D2:8A,Beniamino,Laidel,14035288,M,40
23:A4:14:E3:0B:02,Cortney,Walsom,5516489,F,61
1C:87:CA:5E:69:81,Sherry,Bockman,13957123,F,35
6E:3C:80:D1:8E:14,Brig,Clem,13122858,M,38
E2:CF:3B:77:B1:78,Torr,Curme,10623381,M,49
E7:FB:9C:C2:95:97,Michale,Pendrick,11192265,M,43
5F:BD:99:FE:FA:A7,Forest,Brownhill,5233532,M,63
BC:8F:B3:E9:52:C3,Jory,McPike,18302484,M,27
6E:2D:6D:6E:9D:55,Roth,MacNeillie,8599963,M,51
72:43:B6:48:7A:82,Britt,Speerman,29666720,F,17
40:2F:D6:3B:3F:D9,Leda,Lafontaine,7274124,F,53
57:7E:E9:C5:FB:F4,Adair,McKaile,28150295,M,19
D1:0C:91:79:C8:AA,Colet,Clougher,28940675,M,18
A0:61:D3:D1:3C:A5,Alejandro,Concannon,11450774,M,43
B8:4A:7B:9C:57:68,Gilbert,Feak,9524467,M,46
20:0A:C2:2D:34:16,Beniamino,Laidel,11916399,M,49
F2:3F:F5:7F:40:FC,Dannie,Allen,12016911,M,35
A8:E6:2E:39:2C:52,Sari,Stratiff,21573897,F,25
C1:88:67:86:D0:9E,Eziechiele,O'Scollain,14538910,M,33
C3:E9:25:56:62:61,Gretna,Kliner,23420737,F,30
AB:A5:4E:04:73:2A,Allison,Gynne,14340821,F,38
E7:69:23:6C:F0:35,Brigit,Hagyard,11589423,F,48
CB:68:DA:D5:73:E8,Nertie,Delagua,23160457,F,30
EB:D3:BB:EF:03:81,Bren,Anning,18013652,F,21
80:6C:57:81:96:CE,Jena,Minchindon,13774619,F,33
33:B3:9D:C6:C6:53,Sonni,Rowbottam,24475014,F,28
9A:2C:0E:8C:4A:5C,Christiano,Rothwell,20868304,M,29
EC:3C:A5:6C:90:1E,Kristos,Kelf,26075266,M,16
C1:F2:6F:09:20:28,Wilhelmina,Flipek,18699711,F,27
45:F2:1C:64:E2:E4,Laureen,Matthensen,12989479,F,40
29:C1:F9:B0:88:A1,Welbie,Eilhart,13626545,M,31
5A:EA:44:5A:1C:D3,Egan,Synnot,12015049,M,39
EF:E4:BF:18:9B:8A,Laure,Crosson,13244500,F,39
F0:96:A7:78:1B:34,Morlee,Newlin,12531991,M,33
AB:D9:C2:F6:F8:FB,Herta,Braganca,9087192,F,49
AE:B2:CD:91:14:22,Brinna,McAlinden,12550843,F,31
62:00:13:EF:58:31,Antoine,Lever,10035687,M,45
5E:1E:E8:99:CD:CB,Karalynn,Gadie,14969909,F,32
EF:5B:6B:89:60:1D,Corrine,Clemmitt,7097342,F,53
57:EA:75:02:3B:A7,Clarey,Denziloe,11419328,F,50
EA:E4:46:65:8A:33,Wini,Zannelli,14982970,F,39
D8:59:27:D6:28:BC,Celle,Fidge,12015068,F,36
0C:A6:A4:81:72:F4,Dorree,Clerc,10752412,F,44
9F:9D:87:B6:4F:39,Brinna,McAlinden,12486922,F,38
8F:47:6E:B8:F0:F1,Red,Chipman,3555008,M,65
4A:1D:29:3D:88:68,Walden,Voss,16545310,M,21
52:54:16:0C:51:0F,Antoine,Lever,12381294,M,33
6D:A7:E4:D0:7D:D3,Ross,Swabey,34975297,M,15
4D:EA:A9:3E:35:FF,Lloyd,Djurkovic,9472738,M,45
C2:64:A3:AB:E8:34,Claudetta,Boshers,9868506,F,44
93:DC:09:4B:C0:2A,Petrina,Karolewski,21382400,F,26
6F:65:0F:62:0E:BF,Shantee,Titherington,29383297,F,17
7F:7D:4E:0F:8B:22,Aldon,Cowlin,13471085,M,38
D0:9A:6C:D9:F9:AC,Herbert,Pepys,14351646,M,35
2E:81:90:C6:64:BE,Ceil,Adnam,10817753,F,47
0A:D7:63:90:D7:8D,Timothee,Andreacci,13594393,M,31
15:C1:39:22:DA:03,Nolan,Overpool,17879504,M,27
E5:81:A9:8B:6A:27,Tobey,Goseling,9939822,F,42
75:AB:7F:FE:BB:50,Corabella,Davet,6966031,F,67
3E:D3:75:46:49:7F,Vi,Clemmitt,10895600,F,43
7A:63:CF:82:0C:A7,Dare,Trowsdale,13114433,M,32
51:A9:1C:B3:FF:1C,Loren,Cowup,10865901,F,48
A8:9D:A7:EE:6C:BE,Gerladina,Themann,23002748,F,21
A0:A9:60:10:60:58,Rena,Wikey,11603143,F,43
C8:33:FE:27:01:AC,Cynde,Challicombe,12530654,F,39
01:2B:08:E1:DA:E9,Carlee,Mineghelli,13798707,F,39
28:09:E3:07:E2:CC,Red,Chipman,14067115,M,33
81:8F:62:5E:4F:F8,Edin,Whitsey,20238781,F,24
E5:1F:C6:36:F2:5F,Marlon,Maffini,22177649,M,22
9E:BA:3D:19:DF:3B,Charo,Breffit,28138722,F,19
27:AE:29:22:C7:B9,Minnie,Fiddiman,17589619,F,30
A9:F5:A0:D4:B3:71,Kesley,Landells,12533616,F,35
0B:05:4B:6B:93:EE,Mycah,Enticott,34375720,M,12
9F:4C:3A:3B:B4:89,Karlen,Grigg,14460346,F,33
75:CF:D8:EF:35:98,Mycah,Enticott,31112490,M,12
2C:5E:6A:CC:78:82,Ethelred,Proschek,14034296,M,38
DA:76:D4:6D:2B:90,Pierrette,Bleibaum,25290462,F,21
CE:4E:86:7A:D7:F1,Brad,McSperrin,17525361,M,27
9B:64:D6:8A:B4:61,L;urette,Torrecilla,14520542,F,39
7B:24:28:64:D0:16,Christye,McOrkill,10281978,F,47
AF:9D:DE:2C:7F:9C,Shannan,Kloss,6863561,M,64
A9:95:70:5B:DF:EC,Viola,Dubose,14184618,F,34
94:95:C6:A4:2E:6F,Freemon,Tiler,22473835,M,28
37:61:BB:B4:CF:A3,Robinet,Goodday,9418264,M,42
E8:B0:6F:A9:A8:A3,Karalynn,Gadie,9275672,F,42
B8:5A:9E:F5:3C:A5,Hamlin,Towe,9443563,M,47
56:B0:25:D1:1C:1A,Wynnie,Scarf,17496302,F,29
61:BB:FF:9D:DD:4A,Mathe,Blakeney,16756120,M,21
94:BB:65:D1:43:FC,Angeli,Tilbrook,9800933,M,44
81:8A:7E:91:E1:7C,Mill,Neenan,24401033,M,28
DE:3B:2F:3C:5E:93,Nicolina,MacQuaker,27143671,F,20
2B:FB:9B:6E:7C:E9,Emelda,Cestard,13202116,F,39
81:69:D4:41:6F:C9,Roth,MacNeillie,13491583,M,37
97:96:C9:67:88:6C,Rex,Stable,14694059,M,31
BE:70:1C:84:72:D4,Harmonie,Saull,11185578,F,47
56:0F:9F:AF:31:5C,Dianne,Graysmark,11323983,F,49
3E:68:FC:31:EF:5A,Keeley,Cunniam,11307605,F,41
9D:D9:C3:A0:0B:AB,Loren,Cowup,11210032,F,50
62:24:07:3F:A1:89,Abel,Dimitriades,15105798,M,28
4A:AE:AC:57:B7:64,Michal,Kliche,7300571,M,54
39:34:65:37:AA:72,Shandy,Cosens,13346951,F,37
5B:97:0E:63:6D:A9,Joyous,Huntingdon,14501097,F,34
A2:74:57:C5:54:0E,Emmeline,Troyes,13519348,F,33
EA:69:F3:4E:C1:42,Aleece,Basili,11618553,F,45
3B:5C:6C:62:4B:DD,Gretna,Kliner,13259726,F,35
95:25:6F:B0:61:8B,Sari,Stratiff,14781470,F,37
6C:D2:BC:3B:BB:81,Avigdor,Lindenstrauss,21249432,M,29
D1:56:FB:83:DD:87,Robb,Meach,11084491,M,43
34:93:4D:FC:02:A1,Angeli,Tilbrook,10084192,M,49
F6:AA:F0:EB:11:84,Matt,Tytler,11351839,M,43
39:06:6A:BF:E7:FD,Terrence,Bergstrand,9919406,M,43
E5:1A:9D:46:6E:E5,Levy,Wyard,10368657,M,48
8B:55:BD:CD:48:DA,Wash,Clarabut,11124582,M,42
BC:F9:CD:FA:5C:B0,Fransisco,Holbarrow,12423169,M,37
F6:42:A9:9F:AA:FA,Denise,Siggery,23623433,F,25
AA:83:5E:89:A6:CF,Juan,Finey,18095913,M,30
76:97:9F:AB:DC:A0,Bartolemo,Pontin,11207818,M,42
B4:00:18:59:10:80,Renado,McBryde,13211918,M,37
52:00:30:9A:F8:6C,Irma,Longmire,7141171,F,58
55:8E:A4:6C:27:E1,Rafaelita,Lindenbluth,12071247,F,38
EC:AD:DD:39:19:62,Rocky,Brokenshaw,10834092,M,49
BD:77:87:4E:A7:BF,Carmelia,Yurshev,32969071,F,13
D5:89:D1:DB:B3:74,Leann,Squibb,15909018,F,26
85:B6:90:A8:35:A2,Johanna,Gray,27174899,F,19
58:C7:85:93:6A:1E,Birch,Symington,15619070,M,26
6F:26:CC:A9:D5:67,Johnnie,Aslin,13208877,M,32
75:5E:2A:07:63:E2,Ellie,Skipsey,11286755,F,47
C0:0B:03:BF:5D:D1,Susann,Lidster,13369172,F,40
50:87:7D:E9:82:76,Davidde,De Ferrari,21855460,M,26
8E:32:52:F4:62:FC,Myrilla,Shellard,7722752,F,51
F4:62:C1:23:08:1D,Ashien,Bustin,7869776,F,51
C3:88:E7:5C:81:65,Renaldo,Whitham,11463983,M,43
80:34:1D:99:91:9C,Novelia,Brandrick,14515397,F,36
E0:91:38:53:7B:AC,Lee,Vanne,7610863,M,59
77:3C:4F:46:9E:41,Pierrette,Bleibaum,24258147,F,22
E4:63:97:3E:97:23,Myrle,Erdes,24290123,F,28
15:65:EF:8A:66:7B,Sigmund,Davenport,14542366,M,36
9F:C7:77:FB:54:6C,Meridel,O'Hanley,10098069,F,42
72:E4:C2:D7:80:E3,Odey,Greenroyd,14894249,M,35
AE:FE:97:3F:60:7C,Meghann,Petrus,26753984,F,18
2C:98:00:73:06:E2,Trixi,Itskovitz,12430694,F,34
A7:99:CC:76:03:AC,Marthena,Bennis,10562878,F,46
B2:D2:0A:5F:AA:68,Lindon,Sivior,14996739,M,40
3A:64:55:E0:D7:96,Guillaume,Hoggins,11295995,M,45
CE:B5:79:EE:45:41,Daffy,Cicculini,1684472,F,73
83:8E:11:B7:3F:39,Kesley,Landells,10031266,F,42
09:F2:7B:D6:4A:8B,Gwyneth,Dwight,14020642,F,32
C6:F9:23:DD:F5:F9,Eolanda,Hulson,9436215,F,41
2C:BF:5A:39:E1:2A,Ashla,Rudland,13784213,F,36
D1:0A:13:CD:94:84,Celle,Fidge,8963957,F,59
6E:45:33:F8:72:9C,Walden,Kepling,8654060,M,56
59:26:71:54:EF:4F,Dierdre,Braithwaite,19441917,F,21
3E:34:B8:DF:A3:07,Ephraim,Oxborough,13934411,M,35
50:67:28:75:58:F8,Kennan,Halcro,7753168,M,53
4E:4F:0C:D1:25:E6,Eziechiele,O'Scollain,25831129,M,27
18:8B:F2:B7:D0:B7,Trish,Heighton,24414041,F,28
8C:D4:B3:48:AD:97,Giovanni,Jeske,7486485,M,53
5F:BA:30:8E:41:2B,Lyssa,Nelsen,8846679,F,53
41:40:E8:AB:D7:77,Gwen,Davison,12958300,F,37
5D:1F:8E:97:A6:0C,Shandy,Cosens,7181863,F,52
66:CA:A3:9C:F0:A0,Madeleine,Gammage,24606335,F,23
B3:41:F1:0F:3F:E6,Lenora,Fullick,14566213,F,39
AC:74:89:98:5A:38,Ashla,Rudland,25651729,F,22
A4:9C:19:86:12:E9,Karole,Wetwood,8041476,F,55
86:81:91:A9:B3:9C,Haily,Cawtheray,12083255,M,35
76:02:10:5E:02:39,Lucinda,Pindred,14502671,F,31
37:B7:CD:E7:A4:E5,Novelia,Brandrick,1003234,F,75
BC:88:B5:0D:60:96,Barnett,Foyster,10330338,M,50
5B:C1:87:E0:8A:91,Ross,Swabey,13281756,M,31
B6:1A:8C:CF:1B:F7,Bealle,Harlin,14384427,M,32
3D:3A:6D:8B:0C:FC,Shell,Cockland,12434162,M,36
7C:5C:AD:97:09:2F,Evy,Collcott,28441589,F,20
76:B6:CB:87:4D:90,Cirillo,Brumen,11271954,M,44
CC:38:3C:A7:94:C5,King,Chetham,11230940,M,44
8B:3E:F6:BF:DC:ED,Doloritas,Bazoge,13601723,F,38
35:44:35:4D:92:D7,Isador,Adamik,14324968,M,37
74:BC:7C:DC:4E:02,Red,Chipman,8923301,M,58
36:E2:DA:8B:9E:F8,Davidde,De Ferrari,23975167,M,26
D8:B1:91:11:4A:7F,Wat,Petrolli,9726613,M,41
BC:53:DC:8D:34:6A,Duky,Pickburn,9043840,M,43
38:65:BB:69:4E:08,Cristina,Doull,9161707,F,48
53:C6:A1:AA:67:D3,Culver,Landy,12304802,M,32
C9:34:08:86:23:70,Fawne,McMeeking,33698011,F,10
02:AF:65:73:C2:86,Irving,Castelletti,11755685,M,44
89:B1:10:6B:5F:78,Billi,Youngman,31847901,F,11
A2:FF:60:40:B1:B9,Iorgo,Schoenfisch,8441160,M,51
68:1D:C9:B2:FB:E1,Aldin,Lamberth,19252278,M,29
31:26:38:79:66:B0,Wilhelm,Apfler,9739125,M,43
F2:5F:DF:52:07:6D,Kerwin,Fielder,13342822,M,40
A5:F4:A5:FE:1F:E9,Ricardo,Allanby,14659034,M,33
72:77:B9:EB:4A:F4,Ulrika,Murty,8765767,F,58
FF:D3:96:F0:B1:22,Emmalynne,Le Gallo,8565697,F,59
52:A9:3C:92:05:9B,Cello,Kornalik,9136054,M,50
DA:AE:FD:33:CA:D9,Hubert,Bawles,11202259,M,46
75:AE:47:A9:FB:51,Flemming,MacGorman,21847197,M,27
74:3C:90:E1:20:D9,Cynde,Challicombe,13192043,F,36
87:01:41:FA:E3:E0,Meredith,Iles,9544556,F,44
CD:F6:1B:E6:44:4E,Gerrard,Zavattero,11424620,M,48
62:9C:DF:8E:8A:D7,Erhard,Vasiljevic,16104782,M,28
C6:97:FB:B9:D1:16,Kippy,Brugden,8519527,M,51
DD:48:91:A7:17:4B,Clayborn,Seabon,26772976,M,18
CC:65:38:E9:19:11,Rockwell,Farnie,28948673,M,20
6E:81:BD:AB:5C:F2,Beryle,Hugnin,13176920,F,37
F9:42:CA:98:86:1A,Carlyle,Koppens,9951717,M,42
2C:36:CC:ED:B7:D5,Bren,Anning,16061067,F,30
50:BE:0B:FF:E0:2B,Britt,Speerman,8950482,F,60
EE:4F:1B:8D:A4:0C,Sylvia,Shearme,28335547,F,20
F8:1E:AC:E9:BB:C5,Tito,Van Giffen,9623552,M,47
26:FA:28:23:BF:D0,Tremayne,Tegler,16676844,M,23
12:B9:4A:58:2C:49,Maribeth,Causbey,18240531,F,25
53:84:72:D8:4A:2F,Brigit,Hagyard,8452668,F,51
AA:65:AD:A0:0C:27,Erhard,Vasiljevic,16820354,M,21
B4:A8:29:8A:0D:34,Dom,Kevlin,32287791,M,15
40:C8:94:8F:3A:43,Con,D'Alesio,9395401,F,50
BC:E4:60:45:60:13,Helyn,Harcarse,26236759,F,20
3A:E7:7A:D0:D6:98,Christiano,Rothwell,2944851,M,83
E9:78:85:BF:6D:E9,Egan,Synnot,34208781,M,12
39:4D:BD:3D:C1:17,Linnet,Jouning,11959945,F,43
C3:5E:4C:7D:D7:D3,Sherry,Bockman,34019751,F,12
8F:A9:E1:D5:47:E6,Lock,Stickley,14712199,M,34
FA:DD:51:48:C2:6E,Rex,Stable,9288855,M,46
FA:36:13:27:A6:E5,Welby,Symondson,16070061,M,26
73:AA:BF:1D:B5:C3,Alfredo,Brill,26053708,M,20
C2:18:2E:0A:29:BF,Donall,Hawtrey,12193880,M,38
A1:C7:F1:2F:41:34,Farly,Beardsell,27322292,M,20
2E:C4:54:0D:A8:68,L;urette,Torrecilla,20744214,F,21
44:D4:62:97:74:32,Abie,Langworthy,23718688,M,30
3E:02:62:BA:FB:2B,Sherill,McGrory,12514838,F,37
3B:58:EB:43:78:2C,Eleonore,Burgoine,25506945,F,28
72:EA:4B:3C:B1:46,Tate,Domingues,13634958,F,38
6E:0F:88:AD:4E:76,Carroll,Beaudry,13472078,M,34
88:84:08:9C:8E:7A,Cletus,Chavey,3170485,M,63
54:F1:50:51:88:E5,Yulma,Sines,2510682,M,78
7F:39:0E:8A:A7:7A,Lion,Longo,21499594,M,26
D5:ED:10:46:9F:C9,Kayne,Chattaway,15396576,M,24
F3:0F:3A:48:A6:B4,Forrester,Denis,16847135,M,25
CF:A1:CA:A5:01:CD,Nil,Coggeshall,21783518,M,23
A4:70:D0:E5:B0:54,Oby,Sinkings,25368474,M,23
42:96:25:32:48:20,Tami,Spray,32139458,F,14
2B:0A:D2:76:53:00,Arvy,Hartzenberg,19621586,M,28
D0:A6:D9:51:E2:FE,Jeri,Snalom,10749360,F,42
17:FD:04:AF:89:1F,Jeanie,Kemwall,13148829,F,38
65:81:CB:F2:0D:A5,Lydon,Lifsey,23511390,M,28
3D:38:0A:BB:63:DA,Shandy,Cosens,12304418,F,37
7E:FF:D4:25:7E:90,Towny,Bonniface,14337345,M,35
86:13:C2:38:F6:58,Benedetta,Henriques,13199069,F,32
AC:25:7E:2A:40:0A,Marlow,Reddick,12530250,M,40
68:E7:06:32:DD:16,Laurel,Walsham,14982895,F,34
A3:30:5F:04:4A:C5,Gabriel,Rickeard,7329435,F,51
69:F7:D0:B6:06:4E,Kristos,Kelf,13056770,M,37
0C:F2:CB:53:09:95,Garwood,Americi,14992985,M,35
D3:CA:D3:E9:8B:AF,Shane,Loveredge,24090009,M,24
84:D1:19:C5:AD:0B,Karlen,Grigg,11367439,F,44
4F:E8:66:CD:A9:A7,Dexter,Flecknell,20941516,M,23
05:91:C6:EE:F4:B3,Carola,McInally,12715863,F,38
50:26:F0:C1:67:A8,Camellia,Langsbury,14553211,F,34
13:9B:EA:72:ED:ED,Hamid,MacKibbon,16110038,M,27
E8:38:EE:CF:D0:05,Kennith,Etherton,13352610,M,35
7C:76:D1:9D:F9:B0,Corabella,Davet,12218553,F,32
8D:5E:78:7E:28:3A,Sylvia,Shearme,26018214,F,16
3F:B3:68:00:EF:D0,Gretna,Kliner,13595429,F,35
27:A8:83:F0:BB:FF,Ruby,Smye,34968351,F,12
44:4B:EE:B2:9E:59,Cesare,Straniero,12030457,M,38
F6:1D:89:09:2C:88,Lita,Maxwell,21939428,F,27
E8:28:07:BB:3A:AE,Jonas,Etherton,21066361,M,23
9C:6D:41:C3:76:C7,Margareta,Miners,8991638,F,51
4B:76:02:BC:0F:47,Suzette,Setchfield,9075159,F,47
CD:97:25:B8:CD:0F,Cary,Hawkshaw,23042797,M,21
A5:64:14:C9:93:55,Bert,Lovick,16511000,M,25
72:0A:D0:FB:27:D3,Nev,Normavill,4643395,M,61
0D:51:F8:CA:8D:B1,Annabela,Klosges,21144596,F,26
4A:0E:38:D3:B8:65,Edan,Trusslove,12334039,M,38
4A:64:43:CD:B9:42,Brinna,McAlinden,26396546,F,20
2A:BB:FC:9C:FD:B1,Minetta,Arkow,22901147,F,21
3F:AE:1D:F0:26:FE,Inge,Mullane,35696583,F,15
4E:D0:02:66:E5:E4,Minda,Gostyke,17208212,F,29
